nom,RA,Dec,Tmag,n_candidats,periodes,snr_max,verdict_auto,raisons_auto,n_secteurs,secondes,status
TIC 118413209,128.8326,-58.009,4.0,0,,,,,9,17.1,ok
TIC 450935207,170.2514,-54.4911,4.01,0,,14.7,rejete,variabilite_continue;eclipse_secondaire,7,17.2,ok
TIC 140176216,151.8867,-53.2601,4.01,0,,,,,7,12.6,ok
TIC 467274664,168.15,-60.3176,4.02,0,,,,,7,12.6,ok
TIC 102469853,155.0696,-47.699,4.02,0,,,,,6,10.6,ok
TIC 452590903,142.9008,-73.0809,4.03,0,,,,,10,17.9,ok
TIC 334217681,182.9127,-52.3686,4.04,0,,,,,7,12.2,ok
TIC 140692280,73.7974,-74.9365,4.05,0,,,,,42,17.1,ok
TIC 162092833,168.3111,-44.3722,4.07,0,,,,,7,12.8,ok
TIC 40716679,78.4397,-67.1851,4.1,0,,,,,37,16.7,ok
TIC 464732822,156.8519,-57.6388,4.11,0,,,,,8,14.9,ok
TIC 359278618,140.2366,-62.4046,4.11,0,,,,,10,17.8,ok
TIC 141280255,82.9738,-76.3396,4.11,0,,,,,42,16.6,ok
TIC 356299294,133.7616,-60.6444,4.11,0,,,,,10,17.3,ok
TIC 321170258,175.2234,-62.0901,4.13,0,,,,,7,12.9,ok
TIC 145006683,193.3597,-40.179,4.14,0,,,,,4,7.3,ok
TIC 272159436,187.4759,-56.5249,4.14,0,,,,,8,14.0,ok
TIC 278987417,101.8279,-55.5399,4.17,0,,,,,37,16.6,ok
TIC 167088607,95.6599,-69.9839,4.18,0,,,,,40,16.8,ok
TIC 146311668,158.2368,-47.0033,4.18,0,,,,,7,12.5,ok
TIC 93412456,175.1769,-53.9687,4.19,0,,,,,4,7.4,ok
TIC 21165132,187.0096,-50.2307,4.2,0,,,,,6,10.7,ok
TIC 316496087,171.7486,-61.3693,4.2,0,,,,,6,10.9,ok
TIC 381949122,76.3775,-57.4721,4.22,0,,,,,45,16.2,ok
TIC 358466601,119.0776,-60.5264,4.25,0,,,,,22,17.1,ok
TIC 464670890,156.7038,-54.8772,4.25,0,,,,,8,14.5,ok
TIC 290022685,192.4459,-15.079,4.25,0,,,,,5,8.9,ok
TIC 465507504,163.6234,-61.8266,4.26,0,,,,,7,13.0,ok
TIC 453796356,159.8159,-74.4934,4.27,0,,,,,8,14.4,ok
TIC 302720622,135.2857,-68.6838,4.27,0,,,,,10,17.8,ok
TIC 458105162,159.0851,-59.5646,4.27,0,,,,,7,12.2,ok
TIC 309401053,124.5787,-65.6131,4.28,0,,,,,22,16.7,ok
TIC 459005094,161.461,-59.4887,4.28,0,,,,,7,12.8,ok
TIC 30293512,198.0107,-37.8028,4.28,0,,,,,5,8.9,ok
TIC 451860101,172.9419,-59.442,4.28,0,,,,,6,10.7,ok
TIC 260605873,97.3684,-56.8526,4.29,0,,,,,44,16.6,ok
TIC 146664806,159.921,-43.5492,4.29,0,,,,,5,8.9,ok
TIC 453588998,155.1143,-72.1301,4.29,0,,,,,7,12.5,ok
TIC 460340926,157.2663,-65.1761,4.29,0,,,,,7,13.0,ok
TIC 9331851,191.0021,-28.3242,4.31,0,,,,,4,7.3,ok
TIC 341193607,119.2122,-59.1256,4.32,0,,,,,17,16.6,ok
TIC 308844962,122.251,-61.304,4.33,0,,,,,19,16.5,ok
TIC 411618966,185.4892,-56.3743,4.35,0,,,,,7,12.5,ok
TIC 349065534,185.2321,-13.5657,4.36,0,,,,,6,10.6,ok
TIC 415840068,197.2635,-23.1183,4.36,0,,,,,3,5.6,ok
TIC 382198789,81.5803,-58.9123,4.36,0,,,,,43,16.9,ok
TIC 319506938,174.2497,-61.2834,4.36,0,,,,,7,12.8,ok
TIC 468135835,170.026,-65.252,4.37,0,,,,,8,14.5,ok
TIC 124567694,199.2216,-31.5065,4.37,0,,,,,5,9.0,ok
TIC 439431474,143.611,-59.2297,4.37,0,,,,,6,10.9,ok
TIC 358838969,151.5467,-47.3703,4.37,0,,,,,5,9.1,ok
TIC 422432907,198.9966,-19.9437,4.37,0,,,,,3,5.5,ok
TIC 466325776,165.7756,-60.9107,4.38,0,,,,,8,14.7,ok
TIC 178449163,165.0388,-42.2258,4.39,0,,,,,6,10.4,ok
TIC 77555289,178.9173,-28.4772,4.39,0,,,,,6,11.2,ok
TIC 358276819,147.8006,-59.426,4.39,0,,,,,7,12.5,ok
TIC 101775388,200.8331,-24.6557,4.4,0,,,,,3,5.8,ok
TIC 390558214,190.307,-27.9082,4.41,0,,,,,3,5.4,ok
TIC 449491402,161.0417,-72.0644,4.42,0,,,,,5,9.0,ok
TIC 38680734,65.4732,-63.3855,4.43,0,,,,,45,16.8,ok
TIC 152393175,171.372,-36.063,4.43,0,,,,,6,11.2,ok
TIC 150320620,95.7559,-63.683,4.43,1,2.2113,17.0,rejete,variabilite_continue;eclipse_secondaire;compagnon_trop_gros_8.6Rjup,40,22.0,ok
TIC 98662322,185.8284,-11.8121,4.43,0,,,,,6,10.5,ok
TIC 341188017,118.7215,-57.3026,4.46,0,,,,,14,16.4,ok
TIC 30762159,75.6791,-71.3143,4.46,0,,,,,42,16.9,ok
TIC 454082369,176.6187,-40.4982,4.47,0,,,,,8,14.8,ok
TIC 22217266,183.5109,-45.7239,4.47,0,,,,,5,9.2,ok
TIC 466734882,166.6347,-62.4241,4.48,0,,,,,8,14.9,ok
TIC 131311326,191.6927,-33.3157,4.48,0,,,,,4,7.2,ok
TIC 357639411,137.8193,-62.317,4.48,0,,,,,10,17.8,ok
TIC 447823435,157.8371,-53.7143,4.49,0,,,,,8,14.9,ok
TIC 278202079,111.4082,-79.0942,4.5,0,,,,,23,17.3,ok
TIC 447275571,157.0089,-49.4061,4.5,0,,,,,7,12.2,ok
TIC 181163751,174.3859,-39.3589,4.5,0,,,,,8,13.8,ok
TIC 77530888,178.6776,-25.7135,4.5,0,,,,,5,9.5,ok
TIC 397529505,158.776,-69.3515,4.51,0,,,,,5,9.2,ok
TIC 162208836,168.7254,-43.7336,4.51,0,,,,,7,12.8,ok
TIC 382630542,118.6226,-61.8716,4.52,0,,,,,27,17.2,ok
TIC 357513372,200.7543,-17.7354,4.52,0,,,,,4,7.1,ok
TIC 460445901,157.6636,-61.3564,4.52,0,,,,,8,14.8,ok
TIC 454043454,175.8632,-37.1903,4.53,0,,,,,7,12.2,ok
TIC 306829961,121.9823,-68.6169,4.53,0,,,,,38,16.8,ok
TIC 304178155,141.7747,-71.6014,4.54,0,,,,,10,18.3,ok
TIC 163621376,174.3911,-47.7472,4.54,0,,,,,7,12.5,ok
TIC 375627282,178.611,-56.9698,4.55,0,,,,,7,12.4,ok
TIC 167126852,96.3693,-69.6892,4.55,0,,,,,42,17.4,ok
TIC 381925942,76.2524,-54.4074,4.55,0,,,,,21,17.7,ok
TIC 203358933,198.5447,-19.9301,4.55,0,,,,,3,5.7,ok
TIC 73304453,190.3453,-46.1453,4.56,0,,,,,4,7.5,ok
TIC 466289471,165.3989,-61.0488,4.56,0,,,,,8,15.5,ok
TIC 80840548,166.1307,-51.222,4.56,0,,,,,4,7.6,ok
TIC 141810080,92.5629,-74.7542,4.56,0,,,,,45,17.4,ok
TIC 310764588,129.3284,-62.8536,4.56,0,,,,,11,17.1,ok
TIC 322418709,175.8799,-62.4894,4.57,0,,,,,7,12.9,ok
TIC 92693315,173.7355,-49.1355,4.57,0,,,,,7,13.0,ok
TIC 464509446,156.5651,-53.8915,4.59,0,,,,,8,14.5,ok
TIC 465185147,162.6095,-59.9823,4.59,0,,,,,7,13.1,ok
TIC 9277748,190.8046,-24.9906,4.59,0,,,,,4,7.0,ok
TIC 400258622,165.7609,-67.127,4.61,0,,,,,6,11.4,ok
TIC 149304313,83.2487,-64.2276,4.61,0,,,,,40,17.3,ok
TIC 349647610,112.2143,-64.5099,4.62,0,,,,,44,17.2,ok
TIC 141973945,178.2269,-33.9081,4.62,0,,,,,6,11.0,ok
TIC 453654783,156.7047,-73.1678,4.62,0,,,,,5,9.9,ok
TIC 131081098,189.7642,-30.4224,4.62,0,,,,,4,7.5,ok
TIC 57378518,171.9945,-35.3289,4.63,0,,,,,6,11.5,ok
TIC 356771041,135.1906,-60.9638,4.63,0,,,,,9,15.8,ok
TIC 453221781,146.5879,-76.7764,4.64,0,,,,,10,18.3,ok
TIC 38574220,63.7023,-62.1913,4.64,0,,,,,42,17.3,ok
TIC 319508664,174.2372,-61.1827,4.64,0,,,,,7,12.9,ok
TIC 82017300,168.4141,-53.2316,4.65,0,,,,,7,12.5,ok
TIC 142108949,99.4239,-77.5384,4.65,0,,,,,42,17.0,ok
TIC 397127102,157.5323,-70.8879,4.65,0,,,,,5,9.2,ok
TIC 45297854,130.1542,-59.761,4.65,0,,,,,11,17.6,ok
TIC 458231448,159.3627,-58.7333,4.66,0,,,,,7,13.0,ok
TIC 280393898,144.3025,-53.6685,4.66,0,,,,,8,14.5,ok
TIC 290533249,173.7127,-60.7861,4.68,0,,,,,6,11.4,ok
TIC 38699658,66.272,-61.238,4.68,0,,,,,44,17.0,ok
TIC 350094361,115.137,-64.3233,4.69,0,,,,,44,17.1,ok
TIC 325170579,177.4209,-63.7885,4.69,0,,,,,8,14.7,ok
TIC 295071039,72.6836,-69.8314,4.7,0,,,,,43,17.5,ok
TIC 446215954,147.582,-50.4354,4.7,0,,,,,7,12.7,ok
TIC 260777057,189.0511,-52.4178,4.7,0,,,,,6,10.9,ok
TIC 204719664,185.8398,-24.8408,4.7,0,,,,,5,8.8,ok
TIC 405148007,180.917,-42.4347,4.7,0,,,,,7,12.5,ok
TIC 272807849,188.0364,-56.1295,4.7,0,,,,,8,15.2,ok
TIC 464293053,155.9608,-57.9539,4.71,0,,,,,8,14.4,ok
TIC 439323673,143.3112,-57.8827,4.71,0,,,,,6,11.1,ok
TIC 350563801,86.8056,-54.3607,4.72,0,,,,,32,17.2,ok
TIC 399148111,163.1929,-68.2102,4.72,0,,,,,6,11.1,ok
TIC 385461878,138.2319,-59.4138,4.72,0,,,,,8,14.1,ok
TIC 452163402,173.6897,-54.264,4.73,0,,,,,5,9.9,ok
TIC 465505600,163.5261,-62.0424,4.73,0,,,,,7,12.8,ok
TIC 374062307,149.9654,-60.2183,4.73,0,,,,,7,13.1,ok
TIC 38759751,66.9417,-62.5212,4.75,0,,,,,43,17.4,ok
TIC 46028220,131.6772,-56.7697,4.75,0,,,,,9,15.7,ok
TIC 308210818,198.0153,-16.2002,4.76,0,,,,,5,9.3,ok
TIC 441226198,145.26,-57.2597,4.76,0,,,,,9,15.8,ok
TIC 296561077,141.6835,-53.5151,4.76,0,,,,,8,14.7,ok
TIC 38828538,68.3902,-62.8238,4.76,0,,,,,42,17.6,ok
TIC 170657104,185.9493,-30.3355,4.77,0,,,,,5,8.9,ok
TIC 294974397,140.4963,-52.5643,4.77,0,,,,,8,14.3,ok
TIC 339672887,110.4401,-56.2529,4.78,0,,,,,22,17.6,ok
TIC 443341302,146.7932,-57.3454,4.78,0,,,,,6,10.7,ok
TIC 162484935,169.8382,-45.0933,4.78,0,,,,,7,13.2,ok
TIC 303225294,164.0676,-58.0532,4.78,0,,,,,7,13.2,ok
TIC 152466390,171.6344,-36.8833,4.79,0,,,,,6,11.6,ok
TIC 459134597,161.91,-57.4674,4.8,0,,,,,7,12.7,ok
TIC 320855910,174.873,-65.3978,4.8,0,,153.9,rejete,eclipse_secondaire,8,19.8,ok
TIC 390226317,183.7488,-54.8203,4.8,0,,,,,5,9.6,ok
TIC 451256144,170.986,-57.8805,4.8,0,,,,,7,12.7,ok
TIC 144568325,190.8759,-41.3218,4.81,0,,,,,4,7.4,ok
TIC 360383548,142.1955,-62.273,4.81,0,,,,,8,14.5,ok
TIC 448641178,175.0531,-34.7446,4.81,0,,,,,7,12.3,ok
TIC 280666903,173.0834,-66.9618,4.82,0,,,,,8,14.3,ok
TIC 332354219,179.7951,-51.6967,4.82,0,,,,,5,9.2,ok
TIC 151763892,167.589,-36.0951,4.83,0,,,,,7,12.4,ok
TIC 220424200,72.2698,-56.6665,4.83,0,,,,,29,17.5,ok
TIC 386413568,139.426,-54.4948,4.83,0,,,,,7,12.7,ok
TIC 460693058,158.5529,-60.9876,4.83,0,,,,,8,15.3,ok
TIC 453689120,157.5844,-71.9929,4.83,0,,,,,5,9.1,ok
TIC 370377905,142.8874,-66.719,4.84,0,,,,,9,17.6,ok
TIC 457427613,157.3973,-57.9664,4.84,0,,,,,7,13.4,ok
TIC 9439380,192.1085,-27.5977,4.84,0,,,,,4,7.5,ok
TIC 465551520,163.8214,-60.5165,4.85,0,,,,,6,11.0,ok
TIC 144395071,189.9686,-39.9874,4.85,0,,,,,4,7.7,ok
TIC 458199516,159.5124,-56.8172,4.85,0,,,,,7,13.4,ok
TIC 57714798,174.1454,-33.5703,4.85,0,,,,,6,11.0,ok
TIC 81169950,166.8921,-48.6399,4.86,0,,,,,8,14.4,ok
TIC 451959707,172.9533,-59.5156,4.86,0,,,,,6,10.7,ok
TIC 372888660,152.5434,-71.0698,4.87,0,,,,,7,12.9,ok
TIC 304355898,165.0665,-57.5604,4.88,0,,,,,7,12.5,ok
TIC 260507093,96.7671,-58.0022,4.88,0,,,,,43,17.6,ok
TIC 1652548,188.3926,-12.8299,4.88,0,,,,,5,9.1,ok
TIC 101690885,200.2697,-24.4701,4.88,0,,,,,3,5.8,ok
TIC 294261093,168.8423,-66.512,4.88,0,,38.4,rejete,variabilite_continue;eclipse_secondaire,6,14.2,ok
TIC 310198518,127.628,-63.0819,4.9,0,,,,,13,17.5,ok
TIC 459577774,162.9935,-55.1383,4.9,0,,,,,7,12.9,ok
TIC 466911307,167.1416,-61.9472,4.91,0,,,,,8,14.3,ok
TIC 465416044,163.2132,-62.0091,4.91,0,,,,,7,13.8,ok
TIC 354997544,129.6163,-62.8432,4.91,0,,,,,11,17.8,ok
TIC 302962039,136.4098,-70.5385,4.92,0,,,,,10,18.5,ok
TIC 464028809,155.2281,-56.0432,4.92,0,,,,,8,14.2,ok
TIC 142141870,179.8428,-30.0609,4.92,0,,,,,6,10.8,ok
TIC 72500833,187.5017,-42.9296,4.93,0,,,,,5,9.0,ok
TIC 359737516,141.023,-61.6491,4.93,0,,,,,9,16.6,ok
TIC 463274841,153.3426,-56.5867,4.93,0,,,,,8,14.4,ok
TIC 390441711,160.5585,-64.4663,4.94,0,,,,,7,12.8,ok
TIC 162798862,170.9846,-44.6728,4.94,0,,,,,7,12.7,ok
TIC 25489613,192.9362,-31.0837,4.95,0,,,,,4,7.1,ok
TIC 167572319,101.3553,-65.0442,4.95,0,,,,,39,16.9,ok
TIC 293972244,106.7,-58.3809,4.95,0,,,,,42,17.8,ok
TIC 102628474,155.2015,-47.566,4.95,0,,,,,6,10.6,ok
TIC 379339467,181.0799,-63.1658,4.95,0,,,,,8,14.3,ok
TIC 309920793,152.2342,-51.8112,4.96,0,,,,,6,11.2,ok
TIC 300244770,109.8113,-67.1873,4.96,0,,,,,43,17.5,ok
TIC 390955053,161.0287,-63.9611,4.97,0,,,,,8,14.1,ok
TIC 290678703,174.1092,-61.3194,4.97,0,,,,,7,13.1,ok
TIC 410996127,160.7542,-49.0569,4.97,0,,,,,8,14.4,ok
TIC 144219989,188.939,-41.022,4.97,0,,,,,5,9.2,ok
TIC 103859362,194.7381,-29.9985,4.98,0,,,,,3,5.5,ok
TIC 290022877,192.4403,-15.8833,4.98,0,,,,,5,9.1,ok
TIC 301867133,130.9765,-68.2114,4.98,0,,,,,16,17.9,ok
TIC 58535868,202.0078,-26.4022,4.99,0,,,,,2,3.9,ok
TIC 333670665,182.0215,-50.6613,4.99,0,,,,,6,11.3,ok
TIC 309854901,126.4648,-64.6005,5.0,0,,,,,14,17.2,ok
TIC 378037836,154.9251,-65.1372,5.0,0,,,,,7,12.5,ok
TIC 311072421,153.0951,-52.163,5.0,0,,,,,7,12.7,ok
TIC 383801487,135.2139,-57.9169,5.0,0,,,,,8,13.5,ok
TIC 229106161,195.5941,-28.2863,5.01,0,,,,,3,5.5,ok
TIC 152315703,170.9666,-40.5089,5.01,0,,,,,6,11.1,ok
TIC 103554525,157.4093,-43.0508,5.01,0,,,,,7,12.8,ok
TIC 262573254,114.6556,-56.2293,5.01,0,,,,,20,17.0,ok
TIC 219405754,78.4722,-52.0308,5.01,0,,,,,14,17.0,ok
TIC 272642183,161.433,-53.6285,5.01,0,,,,,7,12.9,ok
TIC 260646994,186.6321,-51.4507,5.01,0,,,,,6,11.9,ok
TIC 290681168,173.9373,-61.5781,5.01,0,,,,,7,12.8,ok
TIC 308395911,120.0832,-63.5674,5.01,0,,,,,28,17.3,ok
TIC 305127595,165.5453,-55.9128,5.02,0,,,,,6,10.8,ok
TIC 415809506,184.9274,-19.1988,5.03,0,,,,,4,7.8,ok
TIC 452408828,138.0525,-76.6633,5.03,0,,,,,11,17.6,ok
TIC 383518546,134.849,-59.0822,5.03,0,,,,,10,19.0,ok
TIC 428685341,180.1759,-21.8375,5.03,0,,,,,5,9.2,ok
TIC 458704469,160.669,-59.2157,5.03,0,,,,,7,12.6,ok
TIC 293082187,175.0697,-28.4967,5.03,0,,,,,6,11.0,ok
TIC 260131665,92.5746,-54.9686,5.04,0,,,,,43,18.0,ok
TIC 315568090,171.4259,-63.9728,5.04,0,,,,,7,12.5,ok
TIC 5970086,193.6258,-20.098,5.04,0,,,,,4,7.2,ok
TIC 46265415,132.1953,-57.4869,5.04,0,,,,,10,18.0,ok
TIC 350298145,83.7614,-58.8711,5.04,0,,,,,44,17.0,ok
TIC 45410088,130.586,-55.7743,5.04,0,,,,,9,16.1,ok
TIC 178712494,166.0517,-45.7405,5.05,0,,,,,7,13.3,ok
TIC 428698700,195.943,-20.5835,5.05,0,,,,,3,5.6,ok
TIC 57611256,173.6186,-32.8269,5.05,0,,,,,5,9.7,ok
TIC 460660941,158.5743,-62.7109,5.05,0,,,,,6,11.0,ok
TIC 81086852,166.581,-50.4475,5.05,0,,,,,8,13.9,ok
TIC 371240328,146.7274,-69.5031,5.05,0,,,,,9,16.3,ok
TIC 463445156,153.7923,-55.657,5.05,0,,,,,8,14.5,ok
TIC 259761784,153.3449,-51.2331,5.06,0,,38.5,rejete,variabilite_continue;eclipse_secondaire,7,17.1,ok
TIC 391421181,161.7133,-64.3834,5.06,0,,,,,8,15.1,ok
TIC 438748592,142.6152,-55.2321,5.07,0,,,,,8,15.0,ok
TIC 429181615,177.4636,-27.5826,5.07,0,,,,,6,10.4,ok
TIC 304164760,177.9289,-61.1584,5.07,0,,,,,7,13.5,ok
TIC 390395323,184.4802,-57.8501,5.07,0,,,,,7,14.0,ok
TIC 272443295,154.3665,-50.0972,5.07,0,,,,,6,11.1,ok
TIC 364151367,139.6763,-51.5606,5.08,0,,,,,8,14.1,ok
TIC 443623692,186.3267,-27.749,5.08,0,,,,,4,7.4,ok
TIC 146431583,158.7931,-43.6645,5.08,0,,,,,7,12.5,ok
TIC 350765991,89.2001,-59.4222,5.08,0,,,,,43,94.7,ok
TIC 302134539,132.6463,-66.7924,5.09,0,,,,,13,18.0,ok
TIC 462197287,150.4915,-57.3497,5.1,0,,,,,7,12.6,ok
TIC 304425262,177.963,-65.206,5.1,0,,,,,8,14.4,ok
TIC 321299050,175.2063,-60.9805,5.1,0,,,,,7,13.6,ok
TIC 305751503,178.7547,-62.5777,5.1,0,,,,,7,13.4,ok
TIC 60709182,189.4266,-27.1394,5.11,0,,,,,4,7.6,ok
TIC 303519120,164.4507,-59.7321,5.11,0,,,,,8,14.6,ok
TIC 357530228,203.8544,-22.6189,5.11,0,,,,,2,4.0,ok
TIC 204650822,184.98,-26.737,5.11,0,,,,,5,9.4,ok
TIC 220414802,71.0885,-59.7325,5.11,0,,39.6,rejete,variabilite_continue;eclipse_secondaire,41,23.7,ok
TIC 402186784,168.7275,-68.3279,5.11,0,,,,,6,10.9,ok
TIC 452039722,173.5567,-54.5558,5.12,0,,,,,6,11.0,ok
TIC 303609983,139.4651,-67.0508,5.12,0,,,,,10,18.0,ok
TIC 72814920,188.6761,-44.6741,5.12,0,,,,,5,9.5,ok
TIC 309476845,125.2817,-64.1061,5.12,0,,,,,18,17.6,ok
TIC 41331819,92.1837,-68.8433,5.12,0,,,,,33,17.3,ok
TIC 322229213,175.6559,-60.4207,5.12,0,,,,,7,12.6,ok
TIC 306384457,166.622,-58.675,5.13,0,,,,,8,14.6,ok
TIC 402131888,182.8892,-27.0709,5.13,0,,,,,5,8.8,ok
TIC 334683390,183.6318,-51.5326,5.14,0,,,,,7,12.5,ok
TIC 467450857,168.3748,-60.0913,5.14,0,,,,,7,12.6,ok
TIC 370956772,145.6504,-68.4381,5.14,0,,,,,9,16.2,ok
TIC 389301327,183.8927,-31.6902,5.14,0,,,,,4,7.3,ok
TIC 458861722,161.1964,-59.4133,5.14,0,,,,,3,5.7,ok
TIC 271973682,114.0176,-77.634,5.15,0,,,,,27,17.2,ok
TIC 383287220,134.2433,-59.2293,5.15,0,,,,,11,17.7,ok
TIC 441226729,145.1771,-57.9836,5.15,0,,,,,7,12.7,ok
TIC 468976732,144.0611,-52.5447,5.15,0,,,,,8,14.6,ok
TIC 321656644,175.4558,-63.4146,5.16,0,,,,,7,12.8,ok
TIC 162626006,170.5959,-44.6461,5.16,0,,,,,7,13.1,ok
TIC 343088838,126.0938,-55.7895,5.16,0,,,,,11,17.7,ok
TIC 146274744,158.1399,-44.6186,5.16,0,,,,,7,12.5,ok
TIC 142039824,178.547,-30.907,5.17,0,,,,,7,12.8,ok
TIC 392200642,174.4504,-67.6204,5.17,0,,,,,7,12.9,ok
TIC 468236215,170.4124,-60.9911,5.18,0,,,,,6,11.0,ok
TIC 176960513,101.2317,-70.4338,5.18,0,,,,,41,17.8,ok
TIC 344496352,156.0584,-69.9176,5.18,0,,,,,6,10.9,ok
TIC 459637433,163.1285,-57.2404,5.18,0,,,,,8,14.5,ok
TIC 466541437,166.1214,-62.9622,5.19,0,,,,,8,14.5,ok
TIC 371686280,148.5358,-69.6231,5.19,0,,,,,8,14.2,ok
TIC 71834059,166.8189,-42.6385,5.19,0,,,,,5,9.3,ok
TIC 382969293,133.7994,-54.9663,5.19,0,,,,,8,14.2,ok
TIC 81085692,166.6142,-50.9567,5.19,0,,,,,8,13.9,ok
TIC 397399433,158.1596,-66.1815,5.19,0,,,,,7,13.0,ok
TIC 386905827,140.3253,-58.6827,5.19,0,,,,,8,14.6,ok
TIC 296099642,141.3386,-51.6724,5.19,0,,,,,8,14.6,ok
TIC 453101438,116.0033,-67.2018,5.2,0,,,,,43,18.5,ok
TIC 444093070,147.1681,-55.4952,5.2,0,,,,,5,9.3,ok
TIC 163024899,172.1459,-42.6742,5.2,0,,,,,4,7.3,ok
TIC 178535942,165.0645,-44.9107,5.2,0,,,,,8,14.1,ok
TIC 345942372,193.2449,-14.6207,5.2,0,,,,,5,9.1,ok
TIC 134871830,183.8745,-41.9142,5.2,0,,,,,5,9.2,ok
TIC 374094863,159.9922,-49.2794,5.2,0,,,,,8,14.6,ok
TIC 319809753,174.5296,-61.8265,5.21,0,,,,,7,12.5,ok
TIC 303606981,139.3202,-68.6898,5.21,0,,,,,10,18.5,ok
TIC 437872314,141.9802,-57.3294,5.21,0,,,,,7,12.6,ok
TIC 309146836,123.8159,-62.9156,5.21,0,,17.1,rejete,variabilite_continue;eclipse_secondaire,20,21.9,ok
TIC 165290320,178.9787,-39.6896,5.21,0,,,,,7,12.7,ok
TIC 316504931,171.9295,-60.4958,5.22,0,,,,,6,10.7,ok
TIC 32662773,176.5414,-24.8737,5.22,0,,,,,6,10.8,ok
TIC 219410336,78.9119,-52.182,5.22,0,,,,,14,17.1,ok
TIC 372908550,119.4233,-65.9086,5.23,0,,,,,37,17.3,ok
TIC 309292175,124.2301,-60.5505,5.23,0,,,,,16,17.7,ok
TIC 458834083,161.0834,-58.0648,5.24,0,,,,,7,12.4,ok
TIC 349089589,185.5773,-15.5556,5.24,0,,,,,4,7.5,ok
TIC 389148254,178.076,-51.3149,5.24,0,,,,,5,8.7,ok
TIC 81854295,168.1369,-49.1008,5.24,0,,,,,8,14.5,ok
TIC 299149226,143.5365,-51.2552,5.24,0,,,,,8,14.2,ok
TIC 145005999,193.3054,-39.3903,5.24,0,,,,,4,7.3,ok
TIC 135246293,186.1859,-41.3846,5.25,0,,,,,5,9.2,ok
TIC 400481181,166.5483,-68.7819,5.25,0,,,,,6,10.6,ok
TIC 339962335,112.5748,-57.2103,5.25,0,,,,,25,18.2,ok
TIC 386567366,139.6038,-57.273,5.25,0,,,,,6,12.4,ok
TIC 141969034,177.9233,-30.8364,5.25,0,,,,,6,12.3,ok
TIC 30072900,196.7282,-37.5499,5.26,0,,,,,4,7.2,ok
TIC 408528541,194.7407,-21.5469,5.26,0,,,,,4,7.3,ok
TIC 345180718,177.2989,-41.7576,5.26,0,,,,,1,2.1,ok
TIC 9438270,191.925,-29.7952,5.26,0,,,,,4,7.8,ok
TIC 142324512,181.2998,-34.209,5.26,0,,,,,6,11.4,ok
TIC 150392584,96.6382,-60.5573,5.26,0,,,,,44,17.4,ok
TIC 376555515,180.7544,-57.2601,5.26,0,,,,,6,11.0,ok
TIC 386072621,138.8945,-57.5777,5.26,0,,,,,9,16.1,ok
TIC 359560031,140.8637,-60.3022,5.26,0,,,,,7,12.2,ok
TIC 297024200,187.0075,-14.4511,5.26,0,,,,,5,9.4,ok
TIC 272638098,161.044,-53.0939,5.26,0,,,,,8,14.7,ok
TIC 389865251,87.4729,-66.901,5.27,0,,,,,26,17.8,ok
TIC 181915442,190.9489,-12.0143,5.27,0,,,,,4,7.5,ok
TIC 167720039,103.4345,-65.9138,5.27,0,,,,,44,17.3,ok
TIC 220351632,155.12,-51.4498,5.27,0,,,,,6,10.6,ok
TIC 163252251,172.8979,-44.7384,5.27,0,,,,,5,9.4,ok
TIC 73174531,189.7062,-42.4484,5.28,0,,,,,5,9.0,ok
TIC 81919107,168.2362,-49.736,5.28,0,,,,,8,14.7,ok
TIC 296561932,141.5746,-53.3789,5.28,0,,,,,8,13.7,ok
TIC 5911169,188.1359,-21.2124,5.28,0,,,,,4,7.1,ok
TIC 423528378,185.1396,-22.2161,5.29,0,,,,,5,9.0,ok
TIC 146608860,159.7094,-42.7535,5.29,0,,,,,7,12.6,ok
TIC 464534525,156.4429,-54.9884,5.29,0,,,,,8,14.0,ok
TIC 357126143,136.5321,-64.4997,5.29,0,,,,,11,17.4,ok
TIC 300015238,107.1769,-70.4966,5.29,0,,,,,42,17.0,ok
TIC 300290824,110.2288,-71.5324,5.29,0,,,,,42,17.9,ok
TIC 445586413,117.0813,-56.471,5.3,0,,,,,14,17.4,ok
TIC 465514768,163.4995,-61.092,5.3,0,,,,,6,11.0,ok
TIC 356302647,134.0714,-60.4719,5.3,0,,,,,10,17.5,ok
TIC 410905076,160.5383,-53.7204,5.3,0,,,,,8,14.4,ok
TIC 462876889,152.4146,-56.6543,5.3,0,,,,,8,14.1,ok
TIC 41533313,93.7281,-71.656,5.3,0,,,,,41,17.5,ok
TIC 279573219,106.0764,-56.7497,5.3,0,,,,,35,17.4,ok
TIC 167813113,104.7804,-60.8421,5.3,0,,,,,44,17.1,ok
TIC 280514622,170.8387,-64.9546,5.31,0,,,,,8,14.8,ok
TIC 304080910,141.1539,-70.0758,5.31,0,,,,,8,20.4,ok
TIC 308086497,129.7719,-70.3869,5.31,0,,,,,18,17.0,ok
TIC 372914091,119.4511,-60.3025,5.31,0,,,,,20,17.7,ok
TIC 324847564,177.3523,-60.4258,5.31,0,,,,,7,12.8,ok
TIC 55852584,75.986,-65.0121,5.31,0,,,,,40,17.8,ok
TIC 41230564,91.7105,-67.2833,5.31,0,,,,,27,17.7,ok
TIC 459714042,163.3891,-56.4205,5.31,0,,,,,8,13.9,ok
TIC 149219496,82.3222,-62.3144,5.32,0,,,,,38,16.8,ok
TIC 15525527,185.4441,-49.9489,5.32,0,,,,,6,10.6,ok
TIC 287638396,125.5179,-73.3998,5.33,0,,,,,23,17.3,ok
TIC 167121012,95.9932,-68.6008,5.33,0,,,,,?,1.5,erreur
TIC 452468565,139.3546,-74.8942,5.33,0,,,,,12,17.6,ok
TIC 303884894,177.6136,-62.6494,5.33,0,,,,,6,10.9,ok
TIC 287867700,128.1729,-73.3564,5.34,0,,,,,16,17.6,ok
TIC 370227780,85.6709,-75.2505,5.34,0,,,,,44,17.3,ok
TIC 466739789,166.7564,-63.1187,5.34,0,,,,,8,14.2,ok
TIC 277982164,104.1436,-79.4202,5.35,0,,,,,23,17.7,ok
TIC 334496224,183.2737,-50.2066,5.35,0,,,,,5,9.3,ok
TIC 20547360,200.9876,-20.9247,5.35,0,,,,,3,5.5,ok
TIC 408555194,195.2948,-18.1225,5.36,0,,,,,5,9.1,ok
TIC 94017750,176.5582,-48.2098,5.36,0,,,,,6,10.6,ok
TIC 23559976,169.2398,-34.9273,5.36,0,,,,,7,12.3,ok
TIC 451346424,171.1003,-55.138,5.36,0,,,,,6,11.1,ok
TIC 6079610,200.1882,-23.7637,5.36,0,,,,,3,5.5,ok
TIC 391421890,161.6232,-64.2632,5.36,0,,,,,8,14.4,ok
TIC 181062415,173.4043,-40.5865,5.37,0,,,,,7,12.7,ok
TIC 248127641,193.742,-44.1531,5.37,0,,,,,5,9.5,ok
TIC 467341330,168.1878,-64.1697,5.37,0,,,,,7,12.8,ok
TIC 380691628,182.119,-61.2507,5.37,0,,,,,8,15.0,ok
TIC 25425217,192.6714,-33.9994,5.37,0,,,,,5,9.1,ok
TIC 335041228,201.5262,-16.8582,5.37,0,,,,,3,5.5,ok
TIC 303608809,139.3075,-67.6765,5.37,0,,,,,9,16.0,ok
TIC 315994085,171.6475,-61.1152,5.38,0,,,,,7,12.9,ok
TIC 55478023,71.2411,-63.2296,5.38,0,,,,,44,16.9,ok
TIC 297024771,186.9559,-16.6319,5.38,0,,,,,5,9.1,ok
TIC 306895522,122.2369,-71.7218,5.38,0,,,,,33,17.4,ok
TIC 162683152,170.6845,-42.948,5.38,0,,,,,7,12.5,ok
TIC 1629931,188.1492,-13.8594,5.38,0,,,,,5,8.8,ok
TIC 453240313,146.4919,-72.2105,5.39,0,,,,,9,15.7,ok
TIC 334220146,182.8794,-51.3597,5.39,0,,,,,6,11.0,ok
TIC 340216929,114.0149,-57.2955,5.39,0,,,,,23,17.0,ok
TIC 270372747,176.6216,-24.4844,5.39,0,,,,,6,10.4,ok
TIC 93844598,176.3025,-49.0698,5.4,0,,,,,7,13.2,ok
TIC 309151373,123.9359,-60.0572,5.4,0,,,,,15,17.1,ok
TIC 99141741,183.7764,-29.2373,5.4,0,,,,,5,8.9,ok
TIC 282092032,135.0212,-75.7256,5.4,0,,,,,12,17.5,ok
TIC 415783554,184.6111,-20.8098,5.4,0,,,,,5,8.8,ok
TIC 176876294,100.2404,-71.7754,5.4,0,,,,,44,17.6,ok
TIC 170654459,185.8973,-35.4127,5.4,0,,,,,4,7.3,ok
TIC 310539654,128.8197,-63.4414,5.4,0,,,,,11,17.9,ok
TIC 439609547,143.4445,-54.0397,5.41,0,,,,,7,13.0,ok
TIC 422406221,182.7656,-23.6025,5.41,0,,,,,4,7.7,ok
TIC 237940785,59.7179,-65.8815,5.41,0,,,,,38,17.1,ok
TIC 61542962,176.4329,-45.6901,5.41,0,,,,,6,11.5,ok
TIC 464110897,155.543,-58.2654,5.41,0,,,,,8,14.1,ok
TIC 306415958,179.3575,-61.1234,5.41,0,,,,,7,12.5,ok
TIC 448585725,166.2257,-35.8046,5.41,0,,,,,6,10.8,ok
TIC 255776006,186.1413,-49.4403,5.42,0,,,,,4,7.3,ok
TIC 332076204,179.2724,-52.1004,5.42,0,,,,,6,10.6,ok
TIC 299943748,106.5599,-68.8375,5.42,0,,,,,42,17.2,ok
TIC 465864363,164.5624,-62.8672,5.43,0,,,,,8,14.3,ok
TIC 437279730,141.3304,-54.4638,5.43,0,,,,,8,16.0,ok
TIC 364322720,87.8461,-64.0335,5.43,0,,,,,36,18.0,ok
TIC 382509773,117.3033,-60.2829,5.43,0,,,,,27,17.2,ok
TIC 82102591,168.522,-48.6005,5.44,0,,,,,8,13.8,ok
TIC 391346342,161.5688,-64.5146,5.44,0,,24.0,rejete,variabilite_continue;eclipse_secondaire,7,16.4,ok
TIC 72121577,186.2845,-42.5144,5.44,0,,,,,4,8.0,ok
TIC 73301828,190.2896,-44.1012,5.44,0,,,,,5,9.1,ok
TIC 14717198,174.752,-24.7224,5.44,0,,,,,6,11.1,ok
TIC 350655963,88.0843,-57.1566,5.44,0,,,,,42,17.6,ok
TIC 397149515,131.1781,-74.788,5.44,0,,,,,14,18.0,ok
TIC 118413949,128.8146,-58.2247,5.44,0,,,,,9,15.8,ok
TIC 333666707,182.0611,-48.6926,5.45,0,,,,,6,10.7,ok
TIC 382510863,117.4782,-60.0514,5.45,0,,,,,23,17.0,ok
TIC 124308044,197.8766,-35.1299,5.45,0,,,,,4,7.7,ok
TIC 458858205,161.239,-59.9351,5.46,0,,,,,8,14.5,ok
TIC 272447907,154.4085,-48.4179,5.46,0,,,,,6,10.7,ok
TIC 91830175,171.6965,-53.1598,5.47,0,,,,,7,12.9,ok
TIC 178709675,166.1291,-47.679,5.47,0,,,,,7,12.0,ok
TIC 462035504,150.1433,-56.9461,5.47,0,,,,,7,14.5,ok
TIC 307291318,124.9537,-71.5147,5.47,0,,,,,29,17.3,ok
TIC 321457468,175.5786,-60.9618,5.47,0,,,,,7,12.7,ok
TIC 397394991,177.6544,-27.2779,5.47,0,,,,,6,10.7,ok
TIC 356837591,135.3283,-64.9241,5.48,0,,,,,11,18.0,ok
TIC 306794731,179.6984,-64.3396,5.48,0,,,,,8,14.9,ok
TIC 294377819,169.0329,-68.1983,5.49,0,,,,,6,10.8,ok
TIC 451519667,171.753,-56.2801,5.49,0,,,,,5,9.1,ok
TIC 405237290,184.0699,-56.286,5.49,0,,,,,7,12.1,ok
TIC 398627604,180.1589,-57.6182,5.49,0,,,,,7,12.2,ok
TIC 299940359,106.1461,-68.2484,5.49,0,,,,,42,16.9,ok
TIC 138998040,151.5295,-52.1879,5.49,0,,,,,6,10.5,ok
TIC 178887276,195.0128,-36.1824,5.49,0,,,,,5,8.9,ok
TIC 135371083,187.0934,-39.0412,5.5,0,,,,,5,9.0,ok
TIC 398316266,179.5633,-56.3173,5.5,0,,,,,6,12.0,ok
TIC 181861664,190.15,-14.0998,5.5,0,,,,,6,10.4,ok
TIC 383143632,134.0467,-55.5283,5.5,0,,,,,7,12.2,ok
TIC 453100169,116.2226,-68.7567,5.5,0,,,,,43,17.0,ok
TIC 147188238,162.1722,-47.7497,5.51,0,,,,,8,15.1,ok
TIC 457835140,158.313,-55.3869,5.51,0,,,,,7,12.2,ok
TIC 287868987,127.9358,-74.855,5.51,0,,,,,18,17.2,ok
TIC 80312692,165.1503,-53.1118,5.51,0,,,,,7,12.3,ok
TIC 67801852,185.7055,-57.6762,5.51,0,,,,,8,14.0,ok
TIC 280286408,144.1918,-52.9431,5.51,0,,,,,6,11.2,ok
TIC 177075997,102.8626,-70.9632,5.51,0,,,,,43,17.3,ok
TIC 130943601,188.3416,-34.6632,5.51,0,,,,,4,7.5,ok
TIC 461029064,159.5295,-60.5489,5.52,0,,,,,8,15.3,ok
TIC 303777184,139.8717,-67.4313,5.52,0,,,,,9,16.4,ok
TIC 279510954,105.5071,-59.4606,5.52,0,,,,,43,18.2,ok
TIC 259751257,153.2705,-47.9196,5.52,0,,,,,6,11.1,ok
TIC 463445768,153.7804,-55.5492,5.52,0,,,,,8,14.0,ok
TIC 307259792,179.8256,-61.2537,5.52,0,,,,,6,11.0,ok
TIC 376564001,180.7612,-55.1953,5.52,0,,,,,7,12.6,ok
TIC 303810866,164.5202,-55.7838,5.53,0,,,,,8,14.2,ok
TIC 387176295,140.458,-55.5143,5.53,0,,,,,7,12.5,ok
TIC 260041674,91.2781,-56.233,5.54,0,,,,,44,17.3,ok
TIC 301005579,178.0418,-56.9876,5.54,0,,,,,6,10.7,ok
TIC 415839463,197.1633,-23.1068,5.55,0,,,,,3,5.7,ok
TIC 307573730,126.8196,-70.0932,5.55,0,,,,,22,17.8,ok
TIC 102174732,195.4416,-39.6159,5.55,0,,,,,4,7.1,ok
TIC 340458436,115.7219,-58.2299,5.55,0,,,,,21,16.9,ok
TIC 300295060,160.2613,-52.0857,5.55,0,,,,,9,16.1,ok
TIC 444093913,147.1661,-56.4118,5.55,0,,,,,7,12.5,ok
TIC 342063078,122.39,-56.0852,5.55,0,,,,,11,17.1,ok
TIC 339890862,112.0475,-58.0728,5.55,0,,17.3,rejete,variabilite_continue;eclipse_secondaire,28,21.8,ok
TIC 130722760,186.7153,-32.8303,5.55,0,,,,,4,7.3,ok
TIC 146433318,158.7125,-44.9489,5.55,0,,,,,5,8.8,ok
TIC 295582613,140.9972,-51.7371,5.55,0,,,,,8,15.7,ok
TIC 397361078,175.3318,-43.0956,5.55,0,,,,,8,14.4,ok
TIC 30110465,73.3772,-66.6754,5.55,0,,,,,42,16.7,ok
TIC 467957174,169.8146,-64.5823,5.55,0,,,,,7,12.6,ok
TIC 258314976,182.2239,-44.3262,5.55,0,,,,,6,11.5,ok
TIC 335630673,199.3822,-15.5485,5.56,0,,,,,3,5.6,ok
TIC 341851883,121.8262,-56.6477,5.56,0,,,,,12,17.0,ok
TIC 408554358,195.3067,-20.7777,5.56,0,,,,,3,5.7,ok
TIC 385354234,196.465,-14.1121,5.57,0,,,,,4,7.1,ok
TIC 297967252,142.5211,-51.5171,5.57,0,,,,,8,14.1,ok
TIC 22029931,182.762,-45.4228,5.57,0,,,,,6,10.4,ok
TIC 167656187,102.5043,-60.2486,5.57,0,,,,,40,17.4,ok
TIC 130790372,187.2842,-34.8345,5.58,0,,,,,4,7.1,ok
TIC 378712246,155.5312,-61.8503,5.58,0,,,,,7,12.5,ok
TIC 31799975,51.401,-69.3361,5.58,0,,,,,22,17.4,ok
TIC 307435661,125.8556,-70.2486,5.58,0,,,,,26,17.6,ok
TIC 134420081,150.2348,-50.6338,5.58,0,,,,,6,10.6,ok
TIC 32052027,57.2515,-69.8786,5.58,0,,,,,38,17.3,ok
TIC 437297481,191.4691,-21.7683,5.58,0,,,,,4,7.1,ok
TIC 375228785,134.2328,-73.9218,5.59,0,,,,,12,18.0,ok
TIC 372913375,119.5401,-60.8168,5.59,0,,,,,22,17.0,ok
TIC 146758127,160.5915,-47.2203,5.59,0,,,,,7,12.4,ok
TIC 131003697,189.0337,-33.7462,5.59,0,,,,,4,7.1,ok
TIC 377948572,154.7352,-61.3827,5.59,0,,,,,7,12.8,ok
TIC 349188091,205.4334,-19.1365,5.59,0,,,,,3,5.4,ok
TIC 305892425,178.7499,-63.2793,5.59,0,,,,,7,12.8,ok
TIC 25485058,192.9865,-35.0823,5.59,0,,,,,5,10.1,ok
TIC 372959857,152.8028,-67.8924,5.6,0,,,,,7,13.0,ok
TIC 389672830,86.8427,-67.758,5.6,0,,,,,30,16.7,ok
TIC 158741976,165.5033,-37.8335,5.6,0,,,,,7,12.4,ok
TIC 272319474,118.8387,-76.4975,5.6,0,,,,,25,17.3,ok
TIC 92702180,173.7639,-53.2421,5.6,0,,,,,5,9.3,ok
TIC 271701447,187.1378,-56.409,5.61,0,,,,,8,14.3,ok
TIC 459164984,162.0224,-59.9192,5.61,0,,,,,8,14.4,ok
TIC 452732774,194.3877,-22.7536,5.61,0,,,,,4,7.1,ok
TIC 363237221,145.9254,-53.8911,5.61,0,,,,,8,14.6,ok
TIC 340634155,116.398,-56.7225,5.61,0,,,,,15,17.5,ok
TIC 457349679,157.1999,-57.233,5.61,0,,,,,7,12.7,ok
TIC 57795673,174.9395,-34.9821,5.61,0,,,,,7,12.9,ok
TIC 272560989,161.0397,-51.9237,5.61,0,,,,,6,11.0,ok
TIC 163353565,173.2701,-44.7706,5.61,0,,,,,4,7.1,ok
TIC 219716387,154.1908,-49.3642,5.61,0,,,,,5,9.2,ok
TIC 307697238,179.9536,-62.8316,5.61,0,,,,,7,12.2,ok
TIC 181240055,174.9934,-38.1085,5.62,0,,,,,7,13.1,ok
TIC 393474846,167.7086,-45.5844,5.62,0,,,,,7,12.2,ok
TIC 103916828,195.1355,-33.5057,5.62,0,,,,,5,8.9,ok
TIC 130867823,187.911,-30.9819,5.62,0,,,,,4,7.2,ok
TIC 381950979,76.6023,-56.2314,5.62,0,,,,,36,16.9,ok
TIC 361741243,144.708,-64.489,5.62,0,,,,,9,16.1,ok
TIC 451119853,170.565,-58.3863,5.62,0,,,,,7,12.6,ok
TIC 176941311,183.7941,-10.3179,5.62,0,,,,,6,11.5,ok
TIC 83153075,188.7348,-20.8364,5.62,0,,,,,4,7.2,ok
TIC 308616873,121.6503,-63.5156,5.63,0,,,,,23,17.1,ok
TIC 294747615,70.7666,-70.9308,5.63,0,,,,,43,17.3,ok
TIC 423660485,202.3721,-18.7292,5.63,0,,,,,4,6.9,ok
TIC 260192754,93.4187,-56.9185,5.63,0,,,,,42,16.7,ok
TIC 374426637,150.5004,-60.4209,5.64,0,,,,,7,12.6,ok
TIC 375128898,151.4344,-61.1723,5.64,0,,,,,6,11.8,ok
TIC 300328258,110.7777,-70.6365,5.64,0,,,,,41,17.1,ok
TIC 294159692,107.9809,-56.1553,5.64,0,,,,,31,17.0,ok
TIC 163653342,191.3479,-48.1704,5.65,0,,,,,7,12.5,ok
TIC 464459950,156.2469,-58.5763,5.65,0,,,,,7,12.4,ok
TIC 411307910,183.217,-59.6553,5.66,0,,,,,8,14.2,ok
TIC 124151115,196.7263,-35.8625,5.66,0,,,,,5,9.0,ok
TIC 149347992,83.7393,-61.1762,5.66,0,,,,,43,17.0,ok
TIC 46107485,132.0582,-57.6584,5.66,0,,,,,10,18.3,ok
TIC 55501960,72.1959,-60.2589,5.66,0,,,,,40,17.4,ok
TIC 124148366,196.6576,-31.6121,5.66,0,,,,,5,9.7,ok
TIC 448695689,182.0806,-34.6749,5.66,0,,,,,6,11.0,ok
TIC 157324520,176.8143,-30.2878,5.66,0,,,,,6,10.6,ok
TIC 403802333,179.4776,-27.7103,5.66,0,,,,,5,9.3,ok
TIC 463103957,152.9435,-58.0605,5.66,0,,,,,8,13.9,ok
TIC 349053584,184.8282,-16.2738,5.67,0,,,,,4,7.4,ok
TIC 77556406,178.8761,-24.8575,5.67,0,,,,,5,8.8,ok
TIC 381628679,182.7699,-61.2776,5.67,0,,,,,8,14.0,ok
TIC 373916957,81.7493,-68.6227,5.67,0,,,,,38,17.7,ok
TIC 379547687,181.2853,-61.1796,5.67,0,,,,,7,12.5,ok
TIC 464907793,160.0474,-65.1001,5.68,0,,,,,7,12.3,ok
TIC 286910068,190.4548,-19.759,5.68,0,,,,,4,7.1,ok
TIC 463469705,153.8192,-54.9741,5.68,0,,,,,8,14.0,ok
TIC 458564349,160.523,-59.5574,5.68,0,,,,,7,13.1,ok
TIC 273394199,186.2869,-48.3091,5.68,0,,,,,6,10.6,ok
TIC 359822522,141.3621,-61.9502,5.68,0,,,,,9,16.4,ok
TIC 259850442,153.3662,-51.7558,5.68,0,,,,,7,12.4,ok
TIC 451090601,170.5616,-56.6026,5.69,0,,,,,6,10.8,ok
TIC 141482069,86.9504,-72.7021,5.69,0,,,,,42,17.5,ok
TIC 152597296,172.4255,-38.4569,5.69,0,,,,,8,14.0,ok
TIC 391901960,115.7166,-71.5418,5.69,0,,,,,43,17.4,ok
TIC 152061708,169.428,-36.5341,5.7,0,,,,,7,12.9,ok
TIC 306410072,179.4425,-60.4513,5.7,1,2.3593,55.9,rejete,variabilite_continue;compagnon_trop_gros_4.8Rjup,7,16.4,ok
TIC 281924940,129.6537,-74.0734,5.7,0,,,,,15,17.5,ok
TIC 67208897,181.6551,-55.0708,5.7,0,,,,,6,10.5,ok
TIC 429358497,183.9021,-20.5293,5.7,0,,,,,5,8.5,ok
TIC 9561716,193.1847,-26.0034,5.7,0,,,,,4,7.1,ok
TIC 98591687,185.0889,-9.0,5.7,0,,,,,4,7.2,ok
TIC 281182515,144.8473,-52.9433,5.7,0,,,,,6,10.9,ok
TIC 429358056,183.9537,-22.0557,5.7,0,,,,,5,8.8,ok
TIC 458924632,161.3731,-55.7913,5.7,0,,,,,7,12.3,ok
TIC 177116244,103.9208,-68.5055,5.7,0,,,,,41,16.8,ok
TIC 459704279,163.2847,-57.8219,5.71,0,,,,,8,14.2,ok
TIC 434513165,189.6852,-18.2499,5.71,0,,,,,4,7.2,ok
TIC 46267191,132.1125,-58.227,5.71,0,,,,,10,17.5,ok
TIC 122091954,132.902,-57.6334,5.71,0,,,,,10,17.1,ok
TIC 132480701,148.7132,-50.2439,5.72,0,,,,,7,12.6,ok
TIC 279476396,105.2708,-58.9391,5.72,0,,,,,43,17.1,ok
TIC 149630160,87.402,-60.6763,5.72,0,,,,,38,17.4,ok
TIC 278684936,99.0643,-55.8629,5.72,0,,,,,42,17.6,ok
TIC 300039724,107.8202,-70.119,5.72,0,,,,,41,17.5,ok
TIC 204699050,185.7501,-24.871,5.72,0,,,,,5,8.9,ok
TIC 260640910,97.9929,-58.7538,5.72,0,,,,,44,16.9,ok
TIC 118417121,129.0054,-59.9408,5.72,0,,,,,3,5.4,ok
TIC 390760531,160.9632,-64.2491,5.72,0,,,,,7,13.1,ok
TIC 381949031,76.348,-57.1951,5.73,0,,,,,43,17.0,ok
TIC 306548914,179.4165,-62.4487,5.74,0,,,,,7,12.6,ok
TIC 137421889,151.0858,-48.4456,5.74,0,,,,,6,11.3,ok
TIC 220436223,73.722,-58.5473,5.74,0,,,,,44,17.7,ok
TIC 307291308,125.0019,-71.5052,5.74,0,,,,,28,17.7,ok
TIC 38469670,61.8424,-64.2206,5.75,0,,,,,42,17.7,ok
TIC 364398342,119.7105,-60.8244,5.75,0,,,,,22,18.0,ok
TIC 383658542,135.1724,-54.3636,5.75,0,,,,,4,7.0,ok
TIC 220418532,71.7787,-59.137,5.75,0,,,,,44,17.2,ok
TIC 228760810,194.1871,-27.3818,5.75,0,,,,,3,5.6,ok
TIC 98581371,184.8341,-8.9148,5.75,0,,,,,4,7.4,ok
TIC 22457387,186.8112,-18.4117,5.75,0,,,,,5,9.3,ok
TIC 295442862,140.7749,-53.8201,5.75,0,,,,,8,14.1,ok
TIC 120856811,164.2824,-50.7649,5.76,0,,19.6,rejete,variabilite_continue;eclipse_secondaire;compagnon_trop_gros_2.1Rjup,8,18.1,ok
TIC 350295877,83.4355,-54.9023,5.76,0,,,,,39,16.9,ok
TIC 349677777,112.2851,-63.2458,5.76,0,,,,,44,17.2,ok
TIC 164293200,191.6905,-49.2684,5.77,0,,,,,7,12.1,ok
TIC 307160124,124.0005,-68.4722,5.77,0,,,,,27,17.1,ok
TIC 41232189,91.5393,-66.0395,5.77,0,,,,,27,17.2,ok
TIC 451832923,172.6066,-59.6272,5.78,0,,,,,6,10.5,ok
TIC 134653865,182.2274,-41.2317,5.78,0,,,,,6,10.6,ok
TIC 144771989,192.3433,-40.7751,5.78,0,,,,,4,7.3,ok
TIC 349371980,109.8846,-61.1449,5.78,0,,,,,44,17.4,ok
TIC 150274386,94.9993,-61.3292,5.78,0,,,,,43,16.9,ok
TIC 437676607,141.7221,-54.3517,5.78,1,2.7305,12.8,rejete,variabilite_continue;eclipse_secondaire;compagnon_trop_gros_5.7Rjup,8,18.4,ok
TIC 150393390,96.7999,-60.7286,5.78,0,,,,,44,17.2,ok
TIC 356527812,134.6919,-64.5305,5.79,0,,,,,11,17.6,ok
TIC 130710969,186.3401,-35.1865,5.79,0,,,,,3,5.6,ok
TIC 442654378,146.481,-58.7935,5.79,0,,,,,7,12.1,ok
TIC 150359260,96.0574,-60.2811,5.79,0,,,,,43,17.3,ok
TIC 453895689,153.6587,-68.2326,5.79,0,,,,,8,14.2,ok
TIC 150357404,96.2325,-63.8281,5.79,0,,,,,39,17.1,ok
TIC 106885642,161.4605,-40.9734,5.79,0,,,,,7,12.0,ok
TIC 373943437,149.7738,-63.3455,5.79,0,,,,,8,14.2,ok
TIC 350346371,84.6071,-54.9542,5.79,0,,,,,39,17.0,ok
TIC 452314602,174.2896,-55.4636,5.79,0,,,,,6,11.2,ok
TIC 390162392,183.5092,-55.4829,5.8,0,,,,,2,4.5,ok
TIC 279511712,105.8129,-59.178,5.8,0,,,,,43,17.2,ok
TIC 376423389,153.2387,-65.1664,5.81,0,,,,,2,3.8,ok
TIC 449486081,161.1096,-72.4432,5.81,0,,,,,5,9.4,ok
TIC 397726678,159.2552,-71.6915,5.81,0,,,,,6,10.7,ok
TIC 451201910,170.7836,-56.7793,5.81,0,,,,,5,9.2,ok
TIC 282048639,132.4587,-72.5512,5.81,0,,,,,13,18.3,ok
TIC 371240230,146.8495,-69.572,5.82,0,,,,,9,16.1,ok
TIC 361060107,143.4324,-60.6276,5.82,0,,,,,7,12.4,ok
TIC 297138738,187.5184,-13.3934,5.82,0,,,,,5,8.9,ok
TIC 220457904,74.5083,-58.2082,5.82,0,,,,,44,17.0,ok
TIC 144221009,189.0039,-39.8696,5.82,0,,,,,3,5.6,ok
TIC 448586269,174.9874,-33.45,5.82,0,,,,,6,10.5,ok
TIC 300865934,117.4208,-66.196,5.82,0,,,,,40,17.2,ok
TIC 308280008,167.4213,-58.8377,5.83,0,,,,,2,3.9,ok
TIC 372813812,152.3756,-68.6827,5.83,0,,,,,7,12.4,ok
TIC 140690428,73.2727,-72.4063,5.83,0,,,,,42,17.2,ok
TIC 32146574,203.0111,-18.729,5.83,0,,,,,4,7.8,ok
TIC 466769587,167.1092,-65.4285,5.84,0,,,,,2,4.3,ok
TIC 459206534,162.1606,-57.6728,5.84,0,,,,,3,5.6,ok
TIC 389433788,85.9446,-67.6996,5.85,0,,,,,31,16.6,ok
TIC 449943819,168.3782,-59.6193,5.85,0,,,,,7,12.6,ok
TIC 386703603,188.8884,-12.0213,5.85,0,,,,,5,9.0,ok
TIC 150431920,97.4175,-61.2419,5.85,0,,,,,43,17.1,ok
TIC 31867144,52.7156,-66.4897,5.85,0,,,,,19,17.4,ok
TIC 463472968,153.8117,-54.4782,5.86,0,,,,,8,14.4,ok
TIC 2455538,193.7791,-13.4528,5.86,0,,,,,4,7.1,ok
TIC 356095496,133.4526,-60.3538,5.86,0,,18.3,rejete,variabilite_continue;eclipse_secondaire,11,22.2,ok
TIC 176873735,100.9034,-73.1187,5.86,0,,,,,41,17.5,ok
TIC 371379078,147.4772,-68.4193,5.87,0,,,,,9,15.9,ok
TIC 463794734,154.6557,-56.1098,5.87,0,,,,,8,14.0,ok
TIC 83207850,188.9952,-20.5278,5.87,0,,,,,4,7.4,ok
TIC 355379702,131.1241,-65.8249,5.87,0,,,,,13,18.0,ok
TIC 9524429,192.9907,-26.7381,5.88,0,,,,,2,4.1,ok
TIC 150357613,96.1106,-63.4295,5.88,0,,,,,40,18.5,ok
TIC 270262695,175.2829,-29.1952,5.88,0,,,,,6,10.8,ok
TIC 167554964,101.1841,-61.2242,5.88,0,,,,,39,16.7,ok
TIC 170584991,185.3744,-30.485,5.88,0,,,,,1,2.3,ok
TIC 146238523,157.9892,-45.0667,5.88,0,,,,,7,12.8,ok
TIC 307492324,126.5115,-71.0769,5.88,0,,,,,24,17.8,ok
TIC 135225667,185.936,-38.9115,5.88,0,,,,,5,8.9,ok
TIC 358278108,147.8366,-59.1422,5.89,0,,,,,2,3.9,ok
TIC 451160977,170.8219,-58.7874,5.89,0,,,,,2,4.1,ok
TIC 307400169,179.8567,-62.831,5.89,0,,,,,2,4.1,ok
TIC 228758232,194.1257,-26.4604,5.9,0,,,,,3,5.6,ok
TIC 178450817,164.997,-43.8071,5.9,0,,,,,7,12.4,ok
TIC 304219387,142.1267,-66.7016,5.9,0,,,,,9,16.4,ok
TIC 31798594,51.01,-69.6245,5.9,0,,26.5,rejete,variabilite_continue;eclipse_secondaire;compagnon_trop_gros_2.7Rjup,19,22.5,ok
TIC 57717864,174.255,-32.9886,5.91,0,,,,,6,11.3,ok
TIC 398292012,181.8666,-18.1907,5.91,0,,,,,1,2.3,ok
TIC 275591731,179.182,-47.0722,5.91,0,,,,,6,10.6,ok
TIC 134754537,182.6413,-37.8706,5.92,0,,,,,6,10.9,ok
TIC 132823272,149.0912,-51.3361,5.92,0,,,,,7,12.6,ok
TIC 306735869,120.6278,-66.0216,5.92,0,,,,,34,18.7,ok
TIC 452468734,139.3642,-74.7344,5.93,0,,,,,12,17.8,ok
TIC 91785988,171.5508,-51.3606,5.93,0,,,,,7,12.6,ok
TIC 134812686,183.3541,-38.9292,5.93,0,,,,,6,10.7,ok
TIC 150322340,95.6289,-60.2183,5.94,0,,,,,43,17.7,ok
TIC 290676048,174.0931,-61.0524,5.94,0,,,,,7,12.4,ok
TIC 304302401,141.9531,-71.7809,5.94,0,,,,,10,17.7,ok
TIC 306996173,178.6053,-37.7486,5.94,0,,,,,6,11.0,ok
TIC 374690426,150.7497,-60.1787,5.95,0,,,,,7,12.6,ok
TIC 460199632,156.8543,-65.7045,5.95,0,,,,,6,11.2,ok
TIC 464531488,156.5664,-54.5215,5.95,0,,,,,8,14.2,ok
TIC 83113252,188.3425,-19.7926,5.95,0,,,,,5,9.0,ok
TIC 391051349,161.0954,-59.9933,5.95,1,3.0119,14.2,rejete,variabilite_continue;eclipse_secondaire,4,9.9,ok
TIC 348990434,184.2636,-16.6937,5.95,0,,,,,4,7.3,ok
TIC 375629423,178.5478,-57.4102,5.96,0,,,,,6,11.1,ok
TIC 150437899,97.5126,-65.5679,5.96,0,,,,,38,17.2,ok
TIC 378035923,154.7703,-64.676,5.96,0,,,,,8,14.3,ok
TIC 98670899,186.2987,-11.6107,5.96,0,,,,,6,10.9,ok
TIC 339769900,111.0382,-58.4912,5.96,0,,,,,33,18.4,ok
TIC 459329261,162.3517,-59.3237,5.97,0,,,,,7,12.4,ok
TIC 149250753,82.5662,-63.9274,6.0,0,,81.0,rejete,variabilite_continue;eclipse_secondaire,43,22.2,ok
TIC 23583692,169.4117,-34.7373,6.0,0,,,,,7,13.5,ok
TIC 290678431,173.9263,-61.2879,6.0,0,,,,,4,7.8,ok
TIC 342503860,124.4818,-59.167,6.01,0,,,,,13,16.8,ok
TIC 458202449,159.5109,-57.2563,6.01,2,2.893;2.9046,15.7,rejete,variabilite_continue;eclipse_secondaire,7,18.2,ok
TIC 458559498,160.3228,-59.6769,6.02,0,,,,,7,12.5,ok
TIC 317046099,172.313,-63.554,6.02,0,,,,,6,10.9,ok
TIC 142328358,181.5211,-32.9623,6.03,0,,,,,3,5.9,ok
TIC 80302288,165.034,-51.8178,6.03,0,,,,,8,13.8,ok
TIC 322422655,175.9703,-62.8784,6.04,0,,,,,6,10.9,ok
TIC 342754262,125.3004,-57.9732,6.05,0,,,,,12,17.1,ok
TIC 122258932,133.2655,-56.6493,6.06,0,,,,,10,17.5,ok
TIC 459546174,162.9448,-57.2723,6.06,0,,,,,1,2.2,ok
TIC 41533357,93.7749,-71.7025,6.07,0,,,,,41,18.2,ok
TIC 463556278,154.013,-59.9033,6.08,0,,18.7,rejete,variabilite_continue,7,19.2,ok
TIC 120229621,162.9729,-49.1578,6.08,0,,,,,7,13.6,ok
TIC 167814656,104.9968,-61.3348,6.08,0,,,,,44,17.3,ok
TIC 124401411,198.1831,-31.875,6.09,0,,,,,5,8.8,ok
TIC 132306548,148.4586,-51.1467,6.1,0,,,,,8,14.3,ok
TIC 231824922,86.617,-53.2201,6.1,0,,,,,26,17.6,ok
TIC 162024200,168.0421,-46.2667,6.11,0,,,,,1,2.2,ok
TIC 144921815,192.9871,-39.6805,6.11,0,,,,,4,7.1,ok
TIC 279360385,104.6513,-56.395,6.11,0,,,,,36,17.5,ok
TIC 462744207,152.0755,-58.1986,6.12,0,,,,,7,12.5,ok
TIC 147026702,161.6548,-43.193,6.12,1,2.0808,14.4,rejete,variabilite_continue;eclipse_secondaire,3,7.3,ok
TIC 304278371,177.804,-61.8461,6.12,0,,,,,1,2.2,ok
TIC 441435570,145.4496,-55.2138,6.12,0,,,,,8,13.9,ok
TIC 372651864,151.7488,-71.4782,6.12,0,,,,,8,14.4,ok
TIC 38602305,64.4179,-63.2552,6.13,0,,,,,43,17.0,ok
TIC 142006351,178.3613,-35.0668,6.13,0,,,,,6,11.1,ok
TIC 181020271,173.213,-36.2094,6.13,0,,,,,6,10.8,ok
TIC 135165545,185.6879,-39.1785,6.13,0,,,,,5,9.1,ok
TIC 147622676,163.7539,-42.2511,6.14,0,,,,,7,12.8,ok
TIC 141411201,84.261,-73.6999,6.14,0,,,,,42,18.2,ok
TIC 386016946,138.8233,-58.3883,6.14,0,,,,,10,18.0,ok
TIC 22102358,182.8702,-44.283,6.14,0,,,,,6,10.4,ok
TIC 99054776,181.9133,-23.9771,6.15,0,,,,,4,7.2,ok
TIC 6115428,200.3736,-19.4893,6.16,0,,,,,4,7.2,ok
TIC 375841179,178.7577,-56.098,6.18,0,,,,,4,7.3,ok
TIC 142392159,181.8964,-31.4111,6.19,0,,,,,5,8.9,ok
TIC 142085842,98.51,-77.688,6.19,0,,,,,42,17.5,ok
TIC 152025698,169.2995,-38.0144,6.19,0,,,,,5,8.9,ok
TIC 453099404,116.0535,-69.8215,6.2,0,,,,,44,18.8,ok
TIC 347693925,182.5236,-17.5376,6.2,0,,,,,4,7.5,ok
TIC 429357696,183.9444,-23.3541,6.2,0,,,,,5,8.8,ok
TIC 315311759,171.1624,-61.6472,6.2,0,,,,,3,6.3,ok
TIC 398765285,180.371,-57.5039,6.21,0,,,,,7,12.3,ok
TIC 144506852,190.8596,-40.1779,6.21,0,,,,,4,7.4,ok
TIC 29987134,72.8357,-68.0694,6.21,0,,,,,43,17.1,ok
TIC 152854208,182.3705,-11.8579,6.22,0,,,,,5,9.0,ok
TIC 181152530,174.1695,-37.2372,6.24,0,,,,,7,12.2,ok
TIC 290532163,173.8052,-60.8947,6.24,0,,,,,4,7.4,ok
TIC 370960295,145.5538,-66.9148,6.25,0,,,,,5,9.0,ok
TIC 332167674,179.564,-47.9776,6.25,0,,,,,6,11.2,ok
TIC 103186949,156.6833,-47.6602,6.26,0,,,,,2,3.8,ok
TIC 140893238,76.539,-73.0373,6.26,0,,245.6,rejete,variabilite_continue;eclipse_secondaire,43,21.7,ok
TIC 162261928,169.1142,-45.8796,6.26,0,,,,,7,12.9,ok
TIC 288529330,191.627,-11.8122,6.27,0,,,,,4,7.1,ok
TIC 433365142,182.9094,-54.4176,6.27,0,,,,,3,5.5,ok
TIC 374859347,88.517,-60.0238,6.27,0,,,,,42,17.3,ok
TIC 459537285,162.9841,-58.4154,6.28,0,,,,,2,4.0,ok
TIC 334791971,184.3806,-48.9259,6.28,0,,,,,5,9.2,ok
TIC 454015615,175.3605,-41.0189,6.28,0,,,,,7,12.3,ok
TIC 390670978,160.9676,-60.1178,6.28,0,,,,,7,12.7,ok
TIC 158674182,165.2114,-40.4981,6.29,0,,,,,4,7.5,ok
TIC 278056525,178.3203,-36.5775,6.29,0,,,,,2,3.8,ok
TIC 448807110,182.5103,-34.7048,6.29,0,,,,,6,11.2,ok
TIC 150442264,97.7942,-61.8795,6.29,0,,61.8,rejete,variabilite_continue;eclipse_secondaire,39,21.1,ok
TIC 103916576,195.139,-33.0517,6.3,0,,,,,2,4.1,ok
TIC 149176305,81.9123,-60.4165,6.3,0,,,,,41,17.4,ok
TIC 466220556,165.4572,-64.3039,6.3,0,,,,,?,1.5,erreur
TIC 45192367,130.1811,-57.5454,6.31,0,,,,,9,15.7,ok
TIC 308542383,121.1788,-62.8363,6.31,0,,,,,22,16.7,ok
TIC 305919188,166.2398,-59.8589,6.32,0,,,,,1,2.3,ok
TIC 386704780,188.9278,-16.826,6.32,0,,,,,3,5.4,ok
TIC 321311801,175.4738,-60.2308,6.33,0,,,,,1,2.3,ok
TIC 332165043,179.3336,-49.3602,6.33,0,,,,,2,4.0,ok
TIC 296999294,141.9888,-53.5174,6.33,0,,,,,8,14.2,ok
TIC 296557951,141.4902,-53.8395,6.33,0,,,,,4,7.5,ok
TIC 107143473,183.4034,-33.7931,6.34,0,,,,,6,10.7,ok
TIC 453258688,147.0852,-75.7773,6.34,0,,,,,9,16.5,ok
TIC 410451090,119.9169,-60.2073,6.34,0,,,,,20,16.8,ok
TIC 150150734,93.047,-65.5303,6.34,0,,,,,28,17.5,ok
TIC 23582373,169.4139,-33.549,6.35,0,,,,,6,10.8,ok
TIC 446758311,156.278,-50.1069,6.35,0,,,,,6,10.6,ok
TIC 142212315,180.441,-34.6502,6.36,0,,,,,3,5.4,ok
TIC 260772408,189.1938,-50.3355,6.37,1,1.2629,34.4,rejete,variabilite_continue;eclipse_secondaire,6,12.9,ok
TIC 450643352,169.2508,-54.7774,6.37,0,,,,,7,12.1,ok
TIC 281924516,129.4832,-74.574,6.37,0,,,,,3,5.8,ok
TIC 141026903,78.853,-73.5884,6.37,0,,,,,32,16.9,ok
TIC 308748912,122.1026,-63.8007,6.38,0,,,,,24,16.6,ok
TIC 260420061,95.9456,-58.5437,6.38,0,,,,,44,17.1,ok
TIC 347716666,182.8447,-16.7911,6.39,0,,,,,4,7.0,ok
TIC 350295056,83.394,-57.0829,6.39,0,,,,,21,16.8,ok
TIC 220456828,74.2812,-58.0691,6.39,0,,,,,42,17.0,ok
TIC 220476607,75.5706,-56.0767,6.39,0,,,,,34,17.3,ok
TIC 280495780,144.3692,-49.9897,6.39,0,,,,,8,14.8,ok
TIC 300329283,111.1548,-71.4704,6.4,0,,,,,31,17.2,ok
TIC 32035258,56.3494,-71.6579,6.42,0,,,,,24,17.7,ok
TIC 379648762,181.3445,-62.9757,6.42,0,,,,,5,9.4,ok
TIC 157331891,177.0153,-35.2257,6.42,0,,,,,4,7.2,ok
TIC 296449358,141.4011,-53.2522,6.42,0,,162.2,rejete,variabilite_continue;eclipse_secondaire;compagnon_trop_gros_2.1Rjup,8,18.4,ok
TIC 229811530,198.6143,-24.2842,6.43,0,,,,,2,4.0,ok
TIC 398290324,181.7549,-23.7661,6.44,0,,,,,4,7.1,ok
TIC 375841183,178.7575,-56.0971,6.44,0,,,,,4,7.5,ok
TIC 460227467,157.0759,-63.1646,6.44,0,,,,,3,6.2,ok
TIC 333670854,182.02,-50.7637,6.44,0,,,,,6,11.3,ok
TIC 5630507,178.9796,-22.1841,6.44,0,,,,,3,5.8,ok
TIC 360524514,142.3872,-62.3608,6.45,2,1.5297;0.996,12.6,rejete,variabilite_continue;eclipse_secondaire,2,6.2,ok
TIC 32636439,175.9842,-29.7475,6.45,0,,,,,6,11.1,ok
TIC 161162087,190.0914,-49.4013,6.45,0,,,,,7,13.0,ok
TIC 167005517,94.8131,-69.7842,6.45,0,,,,,41,17.0,ok
TIC 443621408,186.3073,-25.9862,6.45,0,,,,,4,7.4,ok
TIC 262497948,109.8257,-58.0519,6.46,0,,,,,11,17.7,ok
TIC 372807298,152.4846,-66.597,6.46,0,,,,,8,14.4,ok
TIC 437298764,191.595,-18.22,6.46,0,,,,,1,2.3,ok
TIC 278380781,115.0792,-78.3869,6.48,0,,25.4,rejete,variabilite_continue;eclipse_secondaire,7,15.5,ok
TIC 375034557,99.501,-61.533,6.48,0,,,,,39,17.1,ok
TIC 310138714,152.2732,-48.3063,6.49,0,,,,,2,4.2,ok
TIC 464632275,156.7319,-57.607,6.49,0,,,,,2,4.0,ok
TIC 452518444,140.8469,-77.8886,6.49,0,,,,,10,18.3,ok
TIC 144115005,188.3699,-41.4142,6.49,0,,,,,1,2.3,ok
TIC 310026926,127.1821,-60.1226,6.49,0,,,,,6,10.2,ok
TIC 361219467,144.0212,-64.9501,6.49,0,,,,,8,14.4,ok
TIC 257721857,78.3668,-55.5694,6.5,0,,,,,33,17.3,ok
TIC 462426434,151.2577,-56.8978,6.5,0,,,,,4,7.2,ok
TIC 339635291,110.0954,-56.2943,6.5,0,,,,,23,17.3,ok
TIC 118457056,129.0424,-56.7126,6.5,0,,,,,10,17.3,ok
TIC 45789124,131.4322,-55.8542,6.51,0,,,,,3,5.4,ok
TIC 386646447,139.8335,-58.9294,6.52,0,,,,,9,15.8,ok
TIC 375583232,151.9859,-62.2214,6.52,0,,,,,2,4.2,ok
TIC 25078674,60.1823,-71.1666,6.53,0,,,,,21,17.3,ok
TIC 30117131,197.0904,-36.224,6.53,0,,,,,1,2.5,ok
TIC 150394126,96.9526,-62.1498,6.54,0,,28.4,rejete,variabilite_continue;eclipse_secondaire,40,21.5,ok
TIC 304894154,165.6925,-59.741,6.54,0,,,,,3,5.8,ok
TIC 270265624,175.4915,-24.3859,6.55,0,,21.3,rejete,variabilite_continue;eclipse_secondaire;compagnon_trop_gros_3.2Rjup,4,9.5,ok
TIC 287717402,126.2521,-74.912,6.55,0,,,,,18,17.0,ok
TIC 377653430,154.3814,-65.4295,6.56,0,,,,,1,2.4,ok
TIC 293975288,107.0275,-57.3309,6.56,0,,,,,36,16.8,ok
TIC 268472956,177.0454,-58.2214,6.58,0,,,,,2,8.4,ok
TIC 300604036,113.3408,-68.7686,6.58,0,,,,,21,17.5,ok
TIC 293973218,106.8178,-59.7164,6.58,0,,,,,44,18.0,ok
TIC 403800324,179.3784,-27.0563,6.58,0,,,,,5,14.8,ok
TIC 71739520,166.5829,-44.3738,6.59,0,,,,,7,18.0,ok
TIC 38909679,69.7053,-62.3784,6.59,0,,,,,21,17.3,ok
TIC 340459410,115.6497,-59.2966,6.61,0,,,,,25,16.9,ok
TIC 308149111,197.4264,-16.5152,6.61,0,,,,,1,2.4,ok
TIC 181151732,174.1476,-36.1213,6.61,0,,,,,3,6.0,ok
TIC 302849952,135.8243,-70.6067,6.61,0,,,,,4,7.6,ok
TIC 303732368,168.7591,-33.3175,6.61,0,,,,,3,5.7,ok
TIC 408509461,194.5401,-23.0552,6.61,0,,,,,2,4.0,ok
TIC 428714820,196.4405,-18.2597,6.61,0,,,,,4,7.5,ok
TIC 55404385,78.0132,-65.1754,6.62,0,,17.8,rejete,eclipse_secondaire,39,21.4,ok
TIC 398476730,179.8485,-57.168,6.62,0,,,,,6,11.8,ok
TIC 343089422,126.2887,-55.4728,6.62,0,,,,,3,5.6,ok
TIC 135225662,186.0539,-38.9138,6.62,0,,,,,1,2.4,ok
TIC 58596146,202.1259,-27.3908,6.62,0,,,,,3,5.9,ok
TIC 357533284,203.8811,-22.0248,6.63,0,,,,,2,4.1,ok
TIC 141908244,177.674,-33.1411,6.63,0,,,,,5,9.0,ok
TIC 141186075,81.3273,-75.6941,6.63,0,,,,,42,17.3,ok
TIC 93315654,174.9731,-50.486,6.64,0,,,,,2,3.9,ok
TIC 451645443,172.1593,-54.8837,6.64,0,,,,,1,2.4,ok
TIC 469136370,148.2503,-55.3732,6.66,0,,,,,6,10.7,ok
TIC 101732968,200.6138,-25.8409,6.66,0,,,,,3,5.8,ok
TIC 142116609,179.5148,-31.6511,6.66,0,,,,,6,10.7,ok
TIC 23558618,169.0823,-34.6679,6.66,0,,,,,3,5.7,ok
TIC 358467471,119.0657,-61.0994,6.66,0,,,,,20,17.0,ok
TIC 107146760,183.5033,-32.3871,6.67,0,,,,,2,4.0,ok
TIC 343096861,126.343,-55.7485,6.67,0,,,,,3,5.9,ok
TIC 364395684,116.5963,-61.4286,6.67,0,,,,,34,17.7,ok
TIC 181915184,190.9832,-13.1419,6.67,0,,,,,3,5.6,ok
TIC 25155664,63.3133,-70.4201,6.67,0,,53.3,rejete,variabilite_continue;eclipse_secondaire,12,21.6,ok
TIC 415843217,197.4283,-22.1943,6.67,0,,,,,3,5.8,ok
TIC 281982207,130.3452,-72.5883,6.67,0,,,,,14,17.8,ok
TIC 300160320,109.2391,-71.7493,6.67,0,,,,,41,16.8,ok
TIC 140898575,76.6522,-77.5698,6.68,0,,,,,43,17.2,ok
TIC 167548779,100.6195,-61.7563,6.68,0,,,,,12,16.9,ok
TIC 294870403,71.6561,-68.5458,6.68,0,,,,,12,17.5,ok
TIC 319633816,174.3916,-60.3649,6.69,0,,,,,1,2.3,ok
TIC 334968821,186.4978,-14.9479,6.69,0,,,,,2,4.1,ok
TIC 370041241,65.9832,-66.7368,6.69,0,,,,,23,17.1,ok
TIC 413399991,177.1087,-23.0905,6.69,0,,,,,3,6.0,ok
TIC 6116592,200.3484,-22.794,6.7,0,,,,,3,5.5,ok
TIC 306383834,166.6816,-58.5847,6.7,0,,,,,1,2.3,ok
TIC 349190908,108.5925,-61.0697,6.71,0,,,,,42,17.4,ok
TIC 450706370,169.3649,-59.1052,6.72,0,,,,,1,6.5,ok
TIC 146535008,159.0726,-47.8498,6.73,0,,,,,5,10.5,ok
TIC 287770635,126.8902,-75.3583,6.73,0,,14.8,rejete,variabilite_continue;eclipse_secondaire,18,25.7,ok
TIC 408532923,194.9505,-20.2919,6.74,0,,,,,3,6.0,ok
TIC 287773752,127.223,-72.0815,6.74,0,,29.3,rejete,variabilite_continue;eclipse_secondaire,5,11.0,ok
TIC 415781633,184.5563,-20.8402,6.74,0,,,,,2,4.3,ok
TIC 382259669,82.686,-57.1601,6.74,0,,,,,33,16.9,ok
TIC 83135166,188.5401,-18.1955,6.75,0,,,,,4,7.3,ok
TIC 386704864,188.914,-17.1506,6.75,0,,,,,4,7.3,ok
TIC 31780245,50.2616,-68.533,6.75,0,,,,,10,18.2,ok
TIC 151956235,168.953,-39.3225,6.75,0,,,,,4,7.6,ok
TIC 374858533,88.3114,-61.8394,6.76,0,,,,,30,16.4,ok
TIC 6118924,200.4427,-18.7422,6.77,0,,,,,3,6.1,ok
TIC 278684081,99.1139,-57.5389,6.77,0,,,,,42,16.9,ok
TIC 403843641,188.3177,-50.6505,6.77,0,,,,,4,7.3,ok
TIC 389988925,160.2765,-64.4743,6.78,0,,,,,3,5.8,ok
TIC 300448625,111.7725,-68.6149,6.78,0,,,,,41,16.7,ok
TIC 204645314,184.4812,-24.0134,6.78,0,,,,,1,2.1,ok
TIC 131001807,188.8883,-34.8826,6.79,0,,,,,3,5.9,ok
TIC 21864252,181.8454,-43.2465,6.79,0,,,,,3,5.9,ok
TIC 279249351,103.9717,-56.939,6.79,0,,,,,43,16.7,ok
TIC 397152110,131.4089,-77.0754,6.79,0,,,,,3,5.7,ok
TIC 140596513,68.6463,-72.7335,6.8,0,,61.1,rejete,variabilite_continue;eclipse_secondaire,21,21.4,ok
TIC 306782620,179.4933,-65.3221,6.8,0,,,,,1,2.8,ok
TIC 463984624,155.1709,-55.3214,6.8,0,,,,,4,7.2,ok
TIC 271972463,113.9048,-75.5442,6.81,0,,,,,41,19.1,ok
TIC 99143516,183.6737,-24.7754,6.81,0,,,,,4,7.4,ok
TIC 130979616,188.5486,-32.0927,6.81,0,,,,,2,4.1,ok
TIC 267519701,176.2095,-58.7041,6.81,0,,,,,4,7.5,ok
TIC 141811261,92.6103,-77.1055,6.81,0,,,,,21,17.5,ok
TIC 372819370,67.8488,-59.7668,6.82,0,,,,,19,19.9,ok
TIC 308182007,197.7721,-17.09,6.82,0,,11.6,rejete,variabilite_continue;eclipse_secondaire,2,5.4,ok
TIC 55501315,71.8411,-61.4762,6.82,0,,,,,42,16.3,ok
TIC 463507016,153.9862,-55.5196,6.83,0,,,,,6,10.9,ok
TIC 271971626,113.8409,-74.275,6.83,0,,,,,42,17.5,ok
TIC 372913233,119.4384,-60.9264,6.83,0,,,,,22,17.0,ok
TIC 167251167,97.8007,-70.5158,6.83,0,,,,,12,17.1,ok
TIC 229044780,195.4031,-24.6664,6.83,0,,,,,2,4.1,ok
TIC 358379437,147.9221,-54.6603,6.83,0,,,,,5,9.4,ok
TIC 440745541,144.5003,-59.3988,6.83,0,,,,,6,11.1,ok
TIC 360830784,143.1328,-60.5234,6.84,0,,,,,7,12.9,ok
TIC 124172843,196.7334,-34.1225,6.84,0,,,,,4,7.9,ok
TIC 466675723,166.5242,-59.9498,6.84,0,,,,,8,14.5,ok
TIC 446369965,155.779,-50.5269,6.84,0,,,,,5,8.8,ok
TIC 468998495,144.0767,-51.5134,6.84,0,,,,,2,4.1,ok
TIC 264765942,117.3642,-59.382,6.85,0,,,,,21,16.8,ok
TIC 5630694,178.9638,-21.6601,6.85,0,,,,,1,2.2,ok
TIC 469253078,148.7748,-57.3829,6.85,0,,,,,2,3.9,ok
TIC 428713657,196.3993,-22.0715,6.86,0,,,,,1,2.1,ok
TIC 167415800,99.4103,-70.604,6.86,0,,,,,40,19.4,ok
TIC 433276798,182.675,-56.4424,6.86,0,,,,,7,12.7,ok
TIC 58536474,202.1108,-25.2128,6.86,0,,,,,3,5.5,ok
TIC 32001054,56.1951,-70.0272,6.86,0,,,,,35,34.4,ok
TIC 144511638,190.9238,-37.7093,6.87,0,,,,,3,5.4,ok
TIC 466324900,165.7695,-60.8248,6.87,0,,,,,2,4.4,ok
TIC 134871040,183.737,-41.1399,6.87,0,,,,,3,5.6,ok
TIC 436811829,140.5672,-55.9603,6.87,0,,,,,5,8.8,ok
TIC 167889542,105.2713,-65.7061,6.87,0,,,,,44,17.3,ok
TIC 381952089,76.8923,-54.9886,6.88,0,,,,,27,20.8,ok
TIC 176910071,183.4048,-9.5136,6.88,0,,,,,4,11.0,ok
TIC 29913796,166.0691,-36.7214,6.88,0,,,,,3,5.7,ok
TIC 463891952,154.9697,-57.5071,6.88,0,,,,,2,3.7,ok
TIC 350843761,90.149,-58.1019,6.88,0,,,,,12,18.3,ok
TIC 429143728,174.5452,-45.7496,6.89,0,,12.0,rejete,variabilite_continue;eclipse_secondaire;compagnon_trop_gros_2.7Rjup,2,5.6,ok
TIC 5969274,193.501,-18.0376,6.89,0,,,,,4,7.4,ok
TIC 178823687,194.7194,-39.1058,6.89,0,,,,,1,2.2,ok
TIC 57652994,173.7614,-30.7245,6.89,1,8.5955,11.8,rejete,eclipse_secondaire;compagnon_trop_gros_3.4Rjup,3,7.3,ok
TIC 467065657,167.6752,-60.3845,6.91,0,,,,,3,5.7,ok
TIC 450711878,169.3103,-59.7697,6.91,0,,,,,7,12.7,ok
TIC 106900981,161.5626,-41.4647,6.92,0,,,,,4,7.4,ok
TIC 299475000,143.6881,-52.028,6.92,0,,,,,8,14.6,ok
TIC 307993483,129.0861,-70.6767,6.92,0,,38.8,rejete,variabilite_continue;eclipse_secondaire,18,22.4,ok
TIC 335657555,199.6892,-17.1336,6.92,0,,,,,4,7.4,ok
TIC 181158879,174.2416,-38.9596,6.92,0,,,,,5,9.1,ok
TIC 382579369,118.4508,-62.3798,6.92,0,,,,,7,12.1,ok
TIC 183651707,184.6337,-8.9048,6.92,0,,,,,4,7.1,ok
TIC 437320619,191.765,-22.1293,6.92,0,,,,,3,5.7,ok
TIC 162211294,168.8765,-42.6124,6.92,0,,,,,5,9.2,ok
TIC 321165740,175.154,-62.5682,6.92,0,,,,,4,7.4,ok
TIC 61822201,177.3656,-46.0675,6.93,0,,,,,4,7.5,ok
TIC 103697179,194.0059,-31.4821,6.93,0,,,,,1,2.2,ok
TIC 72670776,188.1826,-45.46,6.93,0,,,,,4,8.1,ok
TIC 162147997,168.6344,-42.8531,6.94,0,,,,,3,5.7,ok
TIC 103181404,156.5437,-45.5621,6.94,0,,,,,5,8.9,ok
TIC 33770773,63.2794,-72.8205,6.94,0,,,,,42,18.0,ok
TIC 178362210,164.4956,-42.0394,6.95,0,,,,,2,4.0,ok
TIC 144657246,191.3658,-37.4493,6.95,0,,,,,1,2.2,ok
TIC 229255044,196.2923,-28.5177,6.95,0,,,,,3,5.7,ok
TIC 440537642,144.5133,-54.2191,6.95,0,,,,,4,7.9,ok
TIC 22030964,182.742,-46.321,6.95,0,,,,,3,5.8,ok
TIC 350858713,90.2308,-54.9513,6.95,0,,,,,42,17.2,ok
TIC 71735726,166.4184,-43.1185,6.95,0,,,,,4,7.4,ok
TIC 355313904,130.8767,-61.6892,6.95,0,,,,,3,5.9,ok
TIC 300703532,114.5599,-67.4481,6.96,0,,,,,43,17.1,ok
TIC 289989388,192.135,-15.7193,6.96,0,,,,,2,4.0,ok
TIC 463519422,153.9691,-57.375,6.96,0,,,,,2,3.9,ok
TIC 428672172,179.7595,-23.4141,6.96,0,,,,,4,7.7,ok
TIC 265727498,174.5054,-54.7032,6.96,0,,,,,1,2.4,ok
TIC 449491578,160.7696,-72.1948,6.97,0,,,,,5,9.0,ok
TIC 349273907,109.1555,-64.1246,6.97,0,,,,,44,18.1,ok
TIC 80384789,165.2087,-49.0202,6.97,0,,,,,8,15.3,ok
TIC 423590058,185.9155,-20.0884,6.97,0,,,,,4,7.6,ok
TIC 92173551,172.4474,-51.6626,6.97,0,,,,,5,9.1,ok
TIC 355840538,132.4074,-62.5086,6.98,0,,,,,11,17.8,ok
TIC 294754816,71.4969,-66.0786,6.98,0,,,,,42,17.4,ok
TIC 441744335,145.6682,-55.8315,6.98,0,,,,,5,9.4,ok
TIC 428673146,179.7925,-20.3561,6.98,0,,,,,5,9.1,ok
TIC 349409844,110.421,-61.9513,6.98,0,,,,,12,16.6,ok
TIC 271638135,108.8784,-75.8643,6.99,0,,,,,40,17.6,ok
TIC 389368692,85.674,-67.139,6.99,0,,,,,29,19.9,ok
TIC 319198627,173.5528,-65.4097,6.99,0,,,,,2,4.1,ok
TIC 309792043,80.1175,-60.7797,6.99,1,2.6435,22.1,rejete,variabilite_continue;eclipse_secondaire,11,21.4,ok
TIC 452591868,142.8535,-73.747,6.99,0,,,,,8,14.5,ok
TIC 359159250,140.1325,-61.993,6.99,0,,,,,4,7.0,ok
TIC 229181083,195.8418,-29.6633,6.99,0,,,,,4,7.4,ok
TIC 422408681,182.9548,-19.9293,7.0,0,,,,,3,5.6,ok
TIC 170462343,184.6009,-31.4956,7.0,0,,,,,3,5.6,ok
TIC 31870141,53.2475,-67.4199,7.0,0,,,,,15,18.0,ok
TIC 303315098,137.9489,-69.2034,7.0,0,,,,,10,17.4,ok
TIC 423591233,186.009,-19.5721,7.0,0,,,,,4,7.3,ok
TIC 280859200,173.3005,-67.0546,7.0,0,,,,,6,11.3,ok
TIC 93466877,175.4379,-50.6252,7.01,0,,,,,3,5.8,ok
TIC 349125959,185.7285,-14.6629,7.01,0,,,,,4,7.2,ok
TIC 106634289,160.4825,-40.6912,7.01,0,,,,,4,7.3,ok
TIC 229106005,195.6055,-29.2656,7.01,0,,,,,1,2.2,ok
TIC 142312635,181.1434,-31.1877,7.01,0,,,,,5,9.2,ok
TIC 181862539,190.3158,-13.0138,7.01,0,,,,,6,10.7,ok
TIC 32001057,56.2563,-70.0246,7.01,0,,,,,36,17.8,ok
TIC 340458849,115.5871,-58.6701,7.02,0,,,,,6,10.7,ok
TIC 134815734,183.5256,-36.729,7.02,0,,,,,1,2.2,ok
TIC 350518530,86.0567,-55.6952,7.02,0,,,,,40,17.5,ok
TIC 370433916,142.9396,-70.4696,7.02,0,,,,,4,7.7,ok
TIC 376651377,180.9485,-54.7151,7.02,0,,,,,7,13.7,ok
TIC 220401810,69.7255,-58.9805,7.02,0,,,,,12,17.5,ok
TIC 103919894,195.279,-33.4804,7.03,0,,,,,3,6.5,ok
TIC 350342269,84.4512,-54.5637,7.03,0,,,,,16,17.5,ok
TIC 162023243,168.1456,-46.9664,7.03,0,,,,,1,2.4,ok
TIC 29911166,166.0304,-40.3087,7.04,0,,,,,2,4.0,ok
TIC 231074032,67.5497,-67.8753,7.04,0,,,,,43,17.3,ok
TIC 270264416,175.3424,-26.667,7.04,0,,,,,6,12.4,ok
TIC 382146477,80.48,-54.2724,7.04,0,,,,,6,11.7,ok
TIC 453394882,150.2724,-72.318,7.04,0,,,,,7,12.6,ok
TIC 142098919,179.1752,-32.2682,7.04,0,,,,,6,10.4,ok
TIC 460150885,156.7921,-62.0193,7.04,0,,,,,7,12.3,ok
TIC 432373301,146.3413,-49.8125,7.05,0,,,,,7,12.9,ok
TIC 229047482,195.5853,-26.7882,7.05,0,,,,,2,4.4,ok
TIC 107116441,183.1197,-33.405,7.05,0,,,,,1,3.7,ok
TIC 248095466,193.3887,-43.0751,7.06,0,,,,,1,7.6,ok
TIC 461122870,159.7139,-64.4978,7.06,0,,,,,3,12.6,ok
TIC 9593439,193.5666,-27.9596,7.06,0,,,,,3,12.8,ok
TIC 57715400,174.1547,-34.6458,7.06,0,,,,,4,16.6,ok
TIC 308085294,129.8102,-69.2739,7.06,1,3.0728,12.8,rejete,variabilite_continue;eclipse_secondaire,11,28.5,ok
TIC 350622984,87.5497,-55.0808,7.06,0,,,,,37,22.5,ok
TIC 181915021,190.8873,-13.8597,7.06,0,,,,,1,11.2,ok
TIC 466844157,167.0281,-60.8257,7.06,0,,,,,2,9.7,ok
TIC 415839707,197.1654,-23.822,7.07,0,,,,,2,11.0,ok
TIC 319936228,174.4518,-63.3232,7.07,1,9.6455,10.9,rejete,eclipse_secondaire,7,24.0,ok
TIC 463913492,155.0482,-59.6558,7.08,0,,,,,2,9.8,ok
TIC 340638289,116.6128,-59.0892,7.08,0,,,,,15,21.7,ok
TIC 177114979,103.8161,-70.489,7.08,0,,,,,11,26.8,ok
TIC 370101728,69.9903,-71.5058,7.08,0,,,,,41,22.5,ok
TIC 443669848,186.8596,-28.7163,7.09,0,,,,,2,13.8,ok
TIC 181160602,174.3713,-36.7268,7.09,0,,,,,6,15.0,ok
TIC 439237157,143.1714,-54.8308,7.09,0,,,,,6,14.1,ok
TIC 266845051,175.5696,-57.565,7.1,0,,,,,3,8.6,ok
TIC 57151873,170.2858,-35.5238,7.1,0,,,,,1,5.3,ok
TIC 466582212,166.5717,-65.5098,7.1,0,,,,,3,12.8,ok
TIC 179441193,80.0014,-66.0576,7.1,0,,,,,9,26.4,ok
TIC 58680763,202.9642,-26.1144,7.1,0,,,,,2,8.4,ok
TIC 25117406,61.5131,-69.8712,7.1,0,,,,,10,21.7,ok
TIC 467231845,168.0421,-61.7549,7.1,0,,,,,4,10.4,ok
TIC 32723058,176.5872,-27.9636,7.11,0,,,,,3,11.5,ok
TIC 332936491,180.5631,-52.5299,7.11,0,,,,,1,8.0,ok
TIC 25996592,195.1053,-13.8921,7.11,0,,,,,3,9.4,ok
TIC 415842499,197.3757,-20.1238,7.11,0,,,,,1,10.6,ok
TIC 458856322,161.0432,-59.7198,7.11,0,,,,,7,20.1,ok
TIC 404009448,188.5365,-50.0603,7.12,1,3.2497,31.3,rejete,variabilite_continue;eclipse_secondaire,6,23.9,ok
TIC 178537690,165.0672,-43.2516,7.12,0,,,,,4,15.9,ok
TIC 464397880,156.1582,-58.286,7.12,0,,,,,2,11.3,ok
TIC 152113199,169.7946,-40.4999,7.12,0,,,,,1,5.9,ok
TIC 270396525,176.8327,-25.9615,7.12,0,,,,,1,4.8,ok
TIC 279317755,104.0974,-57.5772,7.12,0,,,,,42,18.8,ok
TIC 287636970,125.2879,-71.9681,7.12,0,,,,,20,20.5,ok
TIC 176931266,100.2608,-70.6509,7.12,0,,,,,19,22.1,ok
TIC 32662807,176.6159,-24.9764,7.12,0,,,,,5,11.8,ok
TIC 321942081,175.6088,-63.1424,7.13,0,,,,,1,4.3,ok
TIC 300811971,116.5761,-71.72,7.13,0,,,,,41,22.7,ok
TIC 376562826,180.6427,-55.5347,7.13,0,,,,,4,10.4,ok
TIC 390294856,160.4984,-63.5072,7.13,0,,,,,4,11.3,ok
TIC 260542710,97.0759,-59.6179,7.13,0,,,,,41,17.6,ok
TIC 306739746,120.9632,-70.3371,7.13,0,,,,,4,7.3,ok
TIC 22326881,177.8866,-21.6357,7.13,0,,,,,3,5.6,ok
TIC 158155606,162.3376,-39.1702,7.14,0,,,,,2,4.0,ok
TIC 135079202,185.0187,-37.8041,7.14,0,,,,,5,9.6,ok
TIC 445968442,147.1927,-52.6144,7.14,0,,,,,8,14.3,ok
TIC 454046120,175.9481,-38.9201,7.14,0,,,,,4,7.3,ok
TIC 229544558,197.6924,-24.1794,7.14,0,,,,,3,5.4,ok
TIC 454005387,192.5814,-30.577,7.14,0,,,,,3,5.7,ok
TIC 370222613,73.3666,-72.7649,7.14,0,,,,,22,17.0,ok
TIC 294028147,155.1689,-53.664,7.14,0,,,,,5,9.2,ok
TIC 370743873,144.6879,-66.8588,7.15,0,,,,,8,14.4,ok
TIC 6078255,200.1276,-20.8812,7.15,0,,,,,2,3.8,ok
TIC 399637637,164.262,-68.6673,7.15,0,,,,,5,9.5,ok
TIC 299901449,106.4048,-71.2708,7.15,0,,,,,43,16.6,ok
TIC 372811413,152.6241,-67.8413,7.15,0,,,,,3,5.8,ok
TIC 228760545,194.3326,-28.8675,7.15,0,,,,,2,4.1,ok
TIC 315311765,171.1581,-61.6479,7.15,0,,,,,2,3.9,ok
TIC 22329622,178.0505,-19.2062,7.15,0,,,,,1,2.3,ok
TIC 55661424,74.2773,-65.0157,7.15,0,,,,,20,17.6,ok
TIC 31870361,53.1932,-66.7295,7.16,0,,,,,5,9.5,ok
TIC 177309385,103.3174,-74.7242,7.16,0,,,,,42,17.4,ok
TIC 98993377,181.3071,-28.7194,7.16,0,,,,,4,7.5,ok
TIC 446046563,147.5204,-50.6268,7.16,0,,,,,6,10.7,ok
TIC 306668068,120.3858,-70.0233,7.16,0,,,,,40,17.8,ok
TIC 152281212,170.7007,-36.2425,7.16,0,,,,,1,2.2,ok
TIC 349764112,112.8502,-64.372,7.16,0,,,,,42,17.5,ok
TIC 364399376,119.761,-61.5834,7.16,0,,80.0,rejete,variabilite_continue;eclipse_secondaire;compagnon_trop_gros_6.6Rjup,24,21.7,ok
TIC 308087983,130.0748,-71.8768,7.16,0,,,,,15,17.8,ok
TIC 146373520,158.3849,-46.9759,7.17,0,,,,,2,3.7,ok
TIC 315568953,171.4376,-63.8089,7.17,0,,,,,2,4.1,ok
TIC 57795530,174.901,-35.2323,7.17,0,,,,,4,7.2,ok
TIC 306897664,122.2362,-68.9916,7.17,0,,,,,1,2.8,ok
TIC 1650234,188.1712,-17.2206,7.17,0,,,,,3,5.6,ok
TIC 466283988,165.4137,-61.5621,7.17,0,,,,,2,4.0,ok
TIC 345942287,193.2897,-14.9655,7.17,0,,,,,5,9.2,ok
TIC 136210262,150.793,-52.0461,7.17,0,,,,,3,5.6,ok
TIC 349679418,112.487,-61.2498,7.17,0,,,,,38,17.3,ok
TIC 166972537,94.5865,-69.1626,7.18,0,,,,,41,17.5,ok
TIC 389920950,87.7524,-69.9029,7.18,0,,,,,37,17.5,ok
TIC 41085863,90.7832,-67.3101,7.18,0,,,,,5,8.9,ok
TIC 350522254,86.3774,-55.578,7.18,0,,132.8,rejete,variabilite_continue;eclipse_secondaire;compagnon_trop_gros_3.9Rjup,9,19.1,ok
TIC 9586648,193.4276,-27.4045,7.18,0,,,,,3,5.9,ok
TIC 38602307,64.4179,-63.2544,7.18,0,,,,,13,17.1,ok
TIC 142098917,179.1813,-32.2675,7.18,0,,,,,6,11.5,ok
TIC 58678954,202.7811,-25.6571,7.19,0,,,,,2,4.1,ok
TIC 304020770,177.7705,-60.1763,7.19,0,,,,,5,9.2,ok
TIC 178819302,194.5124,-39.2673,7.19,0,,,,,2,3.9,ok
TIC 149303648,83.2205,-63.456,7.19,0,,,,,13,16.8,ok
TIC 55497281,71.7183,-60.6028,7.19,0,,,,,43,17.5,ok
TIC 260655847,98.1441,-55.649,7.2,0,,,,,43,17.8,ok
TIC 443624058,186.3996,-26.8117,7.2,0,,,,,4,7.3,ok
TIC 55272404,76.5466,-62.7879,7.2,0,,,,,40,17.8,ok
TIC 305461649,166.0531,-58.7286,7.21,0,,,,,2,4.2,ok
TIC 229184151,196.1005,-28.4071,7.21,0,,,,,1,2.3,ok
TIC 401143496,186.043,-57.9185,7.21,0,,,,,8,13.9,ok
TIC 408550916,195.0521,-19.4845,7.21,0,,,,,1,2.3,ok
TIC 279477956,105.445,-56.6214,7.21,0,,,,,34,17.2,ok
TIC 306829960,121.984,-68.6154,7.21,0,,,,,1,2.5,ok
TIC 165322429,179.3774,-38.4962,7.21,0,,,,,1,2.3,ok
TIC 32636530,176.1634,-29.8846,7.21,0,,,,,4,7.3,ok
TIC 284194255,105.7982,-66.8887,7.21,0,,,,,38,18.5,ok
TIC 124403080,198.225,-30.7109,7.21,0,,,,,3,5.6,ok
TIC 289944868,191.929,-12.5803,7.21,0,,,,,3,5.5,ok
TIC 1727745,195.9119,-16.3368,7.22,0,,,,,4,7.2,ok
TIC 349188147,205.4696,-18.9849,7.22,0,,,,,2,3.9,ok
TIC 29832209,66.4431,-69.9936,7.22,0,,,,,42,17.4,ok
TIC 32050788,56.9203,-69.8888,7.22,0,,,,,9,15.9,ok
TIC 57127329,170.177,-35.7199,7.23,0,,,,,2,4.0,ok
TIC 458442958,160.1323,-57.1808,7.23,0,,,,,6,10.6,ok
TIC 433276686,182.7741,-56.4014,7.23,0,,,,,7,12.2,ok
TIC 466573354,166.2079,-64.6157,7.23,0,,,,,5,8.9,ok
TIC 179575669,80.6054,-71.5061,7.24,0,,,,,9,16.2,ok
TIC 458896064,161.2663,-58.1488,7.24,0,,,,,5,9.1,ok
TIC 124339546,198.1313,-34.7495,7.24,0,,,,,2,4.0,ok
TIC 466850173,167.0451,-60.2464,7.24,0,,,,,2,3.9,ok
TIC 144786529,192.2159,-37.0419,7.25,0,,,,,3,5.5,ok
TIC 332351556,179.662,-52.7688,7.25,0,,,,,6,10.5,ok
TIC 372908110,98.0404,-65.3152,7.25,0,,,,,38,17.1,ok
TIC 167303815,97.9624,-68.12,7.25,0,,,,,20,17.1,ok
TIC 451764763,172.4858,-55.2644,7.25,0,,,,,3,5.8,ok
TIC 237933846,58.9578,-65.1863,7.25,0,,,,,34,18.3,ok
TIC 72863803,189.0264,-42.8526,7.25,0,,,,,3,5.8,ok
TIC 67696009,182.4112,-58.3497,7.26,0,,,,,8,14.8,ok
TIC 378504873,155.3235,-65.1956,7.26,0,,,,,2,4.3,ok
TIC 149120726,80.9415,-62.5821,7.26,0,,,,,40,17.2,ok
TIC 439139355,143.1379,-57.5215,7.26,0,,,,,3,6.1,ok
TIC 57790061,174.5868,-33.6057,7.26,0,,,,,5,9.0,ok
TIC 453216716,146.1282,-73.9003,7.26,0,,,,,8,15.0,ok
TIC 152484511,171.8722,-39.8765,7.26,0,,,,,6,11.6,ok
TIC 21168651,187.0343,-52.0754,7.26,0,,,,,4,7.2,ok
TIC 165497173,180.4339,-41.8288,7.26,0,,,,,1,2.2,ok
TIC 376336306,152.9575,-61.5419,7.26,0,,,,,3,5.7,ok
TIC 378802697,180.6014,-62.4134,7.27,0,,,,,5,9.2,ok
TIC 300443794,111.6605,-69.5762,7.27,0,,,,,44,17.4,ok
TIC 287640680,125.7003,-76.4306,7.27,1,0.9786,123.6,rejete,variabilite_continue;eclipse_secondaire,5,11.5,ok
TIC 57154692,170.3979,-31.5215,7.27,0,,,,,5,9.3,ok
TIC 61832548,177.6072,-46.4692,7.27,0,,,,,3,5.8,ok
TIC 150064391,91.4244,-61.7485,7.28,0,,,,,37,17.7,ok
TIC 464340013,156.1414,-54.0151,7.28,0,,,,,2,4.5,ok
TIC 466908099,167.1154,-61.6265,7.28,0,,,,,2,3.9,ok
TIC 181240911,175.0567,-39.1467,7.28,0,,,,,5,8.9,ok
TIC 38698692,66.2874,-64.0784,7.28,0,,,,,38,17.2,ok
TIC 163030755,172.1552,-45.1412,7.28,0,,,,,6,11.1,ok
TIC 387103691,140.5062,-54.543,7.28,0,,50.1,rejete,variabilite_continue;eclipse_secondaire,8,18.0,ok
TIC 280957971,144.7016,-50.508,7.29,0,,,,,2,4.1,ok
TIC 306924896,178.5427,-35.9922,7.29,0,,,,,1,2.5,ok
TIC 270228580,173.6306,-28.2883,7.29,0,,,,,3,5.5,ok
TIC 228883024,195.0565,-23.9145,7.29,0,,,,,1,2.3,ok
TIC 30631031,75.1644,-70.6238,7.29,0,,47.9,rejete,variabilite_continue;eclipse_secondaire,32,25.2,ok
TIC 459509031,162.8362,-59.7439,7.29,0,,,,,2,4.2,ok
TIC 308658047,167.8348,-54.557,7.29,0,,,,,2,4.1,ok
TIC 391901095,115.8335,-70.0647,7.29,0,,,,,42,17.7,ok
TIC 466463101,166.056,-60.9799,7.29,0,,,,,3,6.0,ok
TIC 167119619,96.0085,-70.1867,7.3,0,,,,,38,17.2,ok
TIC 465012898,162.1573,-60.2238,7.3,0,,,,,4,7.5,ok
TIC 204670738,184.9981,-28.5257,7.3,0,,,,,3,5.5,ok
TIC 334400037,183.1488,-52.7775,7.3,0,,,,,7,12.3,ok
TIC 1729435,196.9124,-14.188,7.3,0,,,,,2,4.1,ok
TIC 358818468,139.2315,-63.7751,7.31,0,,,,,7,12.0,ok
TIC 451798625,172.6404,-57.1337,7.31,0,,,,,3,5.6,ok
TIC 339729728,110.6925,-56.682,7.31,0,,,,,7,12.2,ok
TIC 410446733,118.0304,-64.2941,7.31,0,,,,,12,17.7,ok
TIC 453482589,188.1554,-24.201,7.31,0,,,,,3,5.5,ok
TIC 135430097,187.3372,-39.6552,7.31,0,,,,,3,5.7,ok
TIC 157321937,176.7952,-35.3969,7.31,0,,,,,3,5.4,ok
TIC 376506764,153.1814,-64.3943,7.31,0,,,,,5,8.8,ok
TIC 141127435,80.6868,-72.3383,7.32,1,3.2381,31.2,rejete,variabilite_continue;eclipse_secondaire,29,21.0,ok
TIC 93083249,174.4485,-52.8916,7.32,0,,,,,3,6.0,ok
TIC 270398825,176.9734,-28.3232,7.32,0,,,,,3,6.0,ok
TIC 271890182,112.801,-74.6909,7.32,0,,,,,14,16.8,ok
TIC 290750058,84.4149,-53.5352,7.32,0,,,,,7,12.2,ok
TIC 308745131,122.1851,-60.6257,7.32,0,,,,,3,5.6,ok
TIC 403761151,180.0372,-44.8605,7.32,0,,,,,3,5.8,ok
TIC 72008370,167.4321,-43.3328,7.32,0,,,,,5,9.0,ok
TIC 457595913,157.6919,-57.5996,7.32,0,,,,,3,5.8,ok
TIC 101775359,200.7905,-24.7341,7.32,0,,,,,3,5.7,ok
TIC 150356406,96.0732,-65.676,7.32,0,,,,,10,17.3,ok
TIC 341112091,118.5544,-58.5753,7.33,0,,,,,11,17.0,ok
TIC 229181580,195.9625,-25.8019,7.33,0,,,,,3,5.4,ok
TIC 124532590,199.2224,-34.5984,7.33,0,,,,,2,4.5,ok
TIC 382625142,118.4207,-63.6465,7.33,0,,,,,37,17.2,ok
TIC 258322219,182.4761,-46.2088,7.33,0,,,,,3,5.6,ok
TIC 463074582,152.9549,-59.1549,7.34,0,,,,,2,4.1,ok
TIC 73711787,192.2787,-42.6343,7.34,0,,,,,1,2.3,ok
TIC 181084080,173.5668,-41.1547,7.34,0,,,,,3,5.6,ok
TIC 140689653,73.0153,-72.9948,7.34,0,,,,,41,17.2,ok
TIC 165317801,179.2133,-38.8495,7.34,0,,,,,5,8.9,ok
TIC 390233221,183.694,-56.7791,7.34,0,,,,,5,9.0,ok
TIC 157324101,176.8592,-31.2548,7.34,0,,,,,1,2.2,ok
TIC 57374767,171.9183,-32.1496,7.34,0,,,,,3,5.8,ok
TIC 124175489,196.9128,-30.435,7.35,0,,,,,3,5.6,ok
TIC 260078030,91.8942,-55.7056,7.35,0,,,,,43,17.1,ok
TIC 307873662,167.2469,-57.4199,7.35,0,,,,,1,2.3,ok
TIC 124449251,198.604,-35.44,7.35,0,,,,,3,5.5,ok
TIC 382198917,81.518,-58.5615,7.36,0,,,,,21,18.1,ok
TIC 466118028,165.1549,-60.3041,7.36,0,,,,,2,3.9,ok
TIC 231729308,81.4279,-53.4803,7.36,0,,,,,21,17.6,ok
TIC 381949148,76.4471,-57.5532,7.36,0,,,,,44,17.2,ok
TIC 453521272,153.4821,-72.6791,7.36,0,,,,,7,12.3,ok
TIC 135046802,184.7262,-40.1282,7.36,0,,,,,3,5.7,ok
TIC 390472975,184.4713,-55.9756,7.37,0,,,,,7,12.5,ok
TIC 349828641,113.5298,-60.2432,7.37,0,,,,,32,16.7,ok
TIC 306916298,167.12,-58.8888,7.37,0,,,,,2,4.0,ok
TIC 177286026,102.7822,-77.674,7.37,0,,,,,19,17.4,ok
TIC 407621805,71.0237,-76.305,7.37,0,,,,,43,16.9,ok
TIC 267399515,175.8757,-58.005,7.37,0,,,,,4,7.4,ok
TIC 375063320,100.3749,-65.469,7.38,0,,,,,38,17.4,ok
TIC 448809435,182.5106,-34.7039,7.38,0,,,,,1,2.3,ok
TIC 451797322,172.7267,-56.8989,7.38,0,,,,,3,5.5,ok
TIC 181150811,174.0468,-37.0655,7.38,0,,,,,7,12.6,ok
TIC 300242735,109.8745,-70.2087,7.38,0,,,,,41,17.4,ok
TIC 432752288,146.6507,-50.5759,7.38,0,,,,,7,12.2,ok
TIC 452035938,173.273,-54.3246,7.39,0,,,,,6,10.5,ok
TIC 83207888,188.9533,-20.466,7.39,0,,,,,3,6.0,ok
TIC 94469855,177.5183,-51.7007,7.39,0,,,,,4,7.2,ok
TIC 307141170,167.8646,-43.4599,7.39,0,,,,,1,2.2,ok
TIC 57405452,172.1235,-31.857,7.39,0,,,,,1,2.2,ok
TIC 162815354,171.3586,-43.4475,7.39,0,,,,,1,2.3,ok
TIC 452746839,195.7602,-19.0777,7.39,0,,,,,2,3.9,ok
TIC 307073167,166.3228,-43.5424,7.4,0,,,,,3,5.5,ok
TIC 340637365,116.5611,-59.8132,7.4,0,,,,,24,17.2,ok
TIC 219380984,76.9124,-53.5569,7.41,0,,,,,15,17.3,ok
TIC 22759400,185.7088,-45.6591,7.41,0,,,,,5,8.7,ok
TIC 9468894,192.3551,-25.2967,7.41,0,,,,,3,5.7,ok
TIC 458100806,159.0933,-59.035,7.41,0,,,,,1,2.2,ok
TIC 266719282,175.2507,-54.5488,7.41,0,,,,,3,5.8,ok
TIC 150299167,95.2299,-62.3542,7.41,0,,,,,12,16.7,ok
TIC 429301734,188.3971,-11.6214,7.42,0,,,,,4,7.6,ok
TIC 272322827,119.0377,-71.9852,7.42,0,,,,,41,17.1,ok
TIC 220432921,73.4017,-57.3322,7.42,0,,,,,40,16.9,ok
TIC 349051922,184.7538,-13.5424,7.42,0,,,,,2,4.0,ok
TIC 371804624,148.8121,-68.8153,7.42,0,,,,,3,5.8,ok
TIC 2490883,194.3959,-17.395,7.42,0,,,,,3,5.5,ok
TIC 446456685,155.8506,-50.3482,7.42,0,,,,,6,11.1,ok
TIC 57263676,171.2446,-31.9993,7.42,0,,,,,5,8.8,ok
TIC 279056282,102.5102,-55.9036,7.43,0,,,,,26,17.5,ok
TIC 294966321,140.6183,-53.7368,7.43,0,,,,,7,12.5,ok
TIC 287273024,109.413,-59.262,7.43,0,,,,,31,17.0,ok
TIC 20542562,200.6807,-18.0311,7.43,0,,,,,4,7.4,ok
TIC 454075905,176.363,-37.6225,7.43,0,,,,,3,5.3,ok
TIC 124512795,198.8137,-34.1534,7.43,0,,,,,1,2.2,ok
TIC 258236059,182.3348,-42.8385,7.44,0,,,,,6,11.2,ok
TIC 106988678,161.6513,-41.3229,7.44,0,,,,,2,4.1,ok
TIC 460793411,158.7352,-64.1339,7.44,0,,,,,5,9.0,ok
TIC 9350281,191.4353,-24.9767,7.44,0,,,,,3,5.8,ok
TIC 106886169,161.4265,-41.4974,7.44,0,,,,,3,5.7,ok
TIC 460179837,156.6849,-64.3517,7.44,0,,,,,7,12.8,ok
TIC 378996846,180.8858,-61.0983,7.44,0,,,,,4,7.3,ok
TIC 181229199,174.8723,-37.4314,7.45,0,,,,,4,7.4,ok
TIC 294302344,203.8793,-16.9241,7.45,0,,,,,3,6.0,ok
TIC 149390710,83.9068,-62.0525,7.45,0,,,,,42,17.2,ok
TIC 58680717,203.0365,-26.0039,7.45,0,,,,,1,2.1,ok
TIC 463076167,152.993,-58.9552,7.45,0,,,,,2,4.6,ok
TIC 149631289,87.5775,-62.0804,7.45,0,,,,,34,17.5,ok
TIC 103938984,195.3883,-32.5591,7.46,0,,,,,2,4.0,ok
TIC 103958547,195.7588,-34.2931,7.46,0,,,,,1,2.2,ok
TIC 458406492,160.1439,-59.5436,7.46,0,,,,,1,2.3,ok
TIC 102309758,196.1876,-40.6826,7.46,0,,,,,3,5.8,ok
TIC 454044475,176.0076,-36.3008,7.46,0,,,,,5,9.3,ok
TIC 386687697,188.6538,-16.3544,7.46,0,,,,,2,4.1,ok
TIC 220457967,74.4919,-57.9675,7.46,0,,,,,21,17.1,ok
TIC 428642423,179.327,-22.5382,7.47,0,,,,,1,2.4,ok
TIC 307713230,127.6823,-70.8426,7.47,0,,,,,1,2.6,ok
TIC 452501166,140.5248,-73.5439,7.47,0,,,,,10,18.5,ok
TIC 149161075,81.6728,-64.3242,7.47,0,,,,,12,17.4,ok
TIC 350519062,86.0838,-56.916,7.47,0,,,,,21,16.8,ok
TIC 385352011,196.2585,-17.6786,7.47,0,,,,,4,7.4,ok
TIC 458908660,161.2347,-56.2896,7.47,0,,,,,3,5.8,ok
TIC 310307566,127.8401,-65.5228,7.47,0,,,,,4,7.2,ok
TIC 306932279,123.0678,-71.2666,7.47,0,,,,,32,17.3,ok
TIC 152231928,170.5672,-36.4862,7.48,0,,,,,2,3.8,ok
TIC 294981037,72.2405,-67.7142,7.48,0,,,,,31,17.3,ok
TIC 204719068,185.8411,-26.4716,7.48,0,,,,,4,7.5,ok
TIC 277295979,84.4933,-69.9566,7.48,0,,,,,35,17.3,ok
TIC 229047394,195.3565,-27.3757,7.48,0,,,,,2,4.4,ok
TIC 103913841,195.0431,-32.0427,7.48,0,,,,,2,4.9,ok
TIC 167303382,97.9856,-68.7123,7.48,0,,,,,40,16.1,ok
TIC 451445219,171.5056,-59.3529,7.48,0,,,,,3,5.6,ok
TIC 162246786,168.8725,-44.3954,7.48,0,,,,,7,12.5,ok
TIC 364423010,119.6146,-65.0053,7.48,0,,,,,34,17.0,ok
TIC 6033917,199.7698,-20.0035,7.48,0,,,,,1,2.2,ok
TIC 458156631,159.2783,-55.1951,7.48,0,,,,,5,9.0,ok
TIC 405149487,180.9437,-44.1227,7.48,0,,,,,4,7.5,ok
TIC 150431791,97.3282,-61.0055,7.49,0,,,,,43,16.9,ok
TIC 432373800,146.2651,-49.4848,7.49,0,,,,,7,12.5,ok
TIC 288105887,136.544,-76.5664,7.49,0,,,,,3,5.5,ok
TIC 320732668,174.9581,-63.4788,7.49,0,,,,,7,12.9,ok
TIC 392467406,205.2111,-17.7927,7.49,0,,,,,2,4.0,ok
TIC 15367231,185.0805,-51.2186,7.49,0,,,,,7,12.6,ok
TIC 92623536,173.484,-48.8199,7.49,0,,,,,5,9.6,ok
TIC 145016561,193.6813,-39.505,7.49,0,,,,,1,2.3,ok
TIC 421186672,175.4782,-44.1034,7.49,0,,,,,7,12.5,ok
TIC 22444931,186.6301,-19.3162,7.49,0,,,,,1,2.1,ok
TIC 320232953,174.8182,-62.9329,7.49,0,,,,,3,5.6,ok
TIC 274790382,149.4064,-56.8638,7.49,0,,,,,2,4.6,ok
TIC 302368715,133.4774,-66.8003,7.5,0,,,,,12,18.5,ok
TIC 320997982,175.1221,-64.4644,7.5,0,,,,,6,10.8,ok
TIC 450203043,168.5001,-57.9109,7.5,0,,,,,2,4.0,ok
TIC 38634217,65.0794,-63.1738,7.5,1,1.7211,20.3,rejete,variabilite_continue;eclipse_secondaire,43,21.0,ok
TIC 442127965,145.9722,-57.6365,7.5,0,,,,,6,11.0,ok
TIC 293936044,106.628,-57.7784,7.5,0,,17.8,rejete,variabilite_continue;eclipse_secondaire,21,25.4,ok
TIC 334034005,182.5258,-49.181,7.5,0,,,,,3,6.0,ok
TIC 382507922,117.1983,-61.1623,7.5,0,,,,,31,16.7,ok
TIC 448641598,177.4291,-32.4437,7.51,0,,,,,3,5.7,ok
TIC 158548297,164.4069,-41.1324,7.51,0,,,,,3,5.5,ok
TIC 288375338,192.6064,-47.2225,7.51,0,,,,,3,5.6,ok
TIC 462119483,150.3076,-56.6691,7.51,0,,,,,7,12.5,ok
TIC 370228164,85.5667,-75.8307,7.51,0,,,,,33,16.7,ok
TIC 135162188,185.4994,-41.0598,7.51,0,,,,,3,6.1,ok
TIC 31509222,89.3098,-69.4775,7.51,0,,,,,35,17.3,ok
TIC 446207570,147.5447,-49.6202,7.52,0,,,,,6,11.0,ok
TIC 22328162,177.8577,-23.8468,7.52,0,,,,,2,4.1,ok
TIC 334300248,183.0121,-49.8215,7.52,0,,,,,1,2.3,ok
TIC 384947603,137.0541,-57.5554,7.53,0,,,,,7,12.3,ok
TIC 177258735,102.221,-73.2992,7.53,0,,,,,41,17.5,ok
TIC 235044245,82.437,-53.2657,7.53,0,,,,,22,16.6,ok
TIC 147466257,163.3549,-44.4113,7.53,0,,,,,4,7.4,ok
TIC 141808675,92.6773,-73.0129,7.53,0,,,,,14,17.4,ok
TIC 141943941,95.3335,-75.128,7.54,0,,,,,41,17.3,ok
TIC 72863287,189.0215,-42.3095,7.54,0,,,,,3,6.1,ok
TIC 60645844,189.2323,-24.1501,7.54,0,,,,,3,5.6,ok
TIC 443666200,186.5807,-24.2724,7.54,0,,,,,1,2.2,ok
TIC 461125245,159.7601,-64.9749,7.54,0,,,,,7,13.0,ok
TIC 298079609,142.6778,-53.5214,7.54,0,,74.2,rejete,variabilite_continue;eclipse_secondaire,4,9.5,ok
TIC 149101226,80.2533,-64.3318,7.54,0,,,,,40,17.6,ok
TIC 372096094,150.0153,-66.2762,7.54,0,,,,,4,7.3,ok
TIC 310143637,152.2489,-49.7832,7.55,0,,,,,3,5.5,ok
TIC 270374997,176.8299,-29.4926,7.55,0,,,,,3,5.6,ok
TIC 262498404,109.8875,-57.4488,7.55,0,,,,,29,17.2,ok
TIC 453651751,156.6619,-75.1492,7.55,0,,,,,3,5.6,ok
TIC 384094318,135.6027,-55.0303,7.55,0,,,,,2,4.0,ok
TIC 307255984,179.9201,-60.803,7.55,0,,,,,2,4.0,ok
TIC 20540964,200.6346,-22.9527,7.55,0,,,,,2,4.3,ok
TIC 272909259,188.3328,-54.9811,7.55,0,,,,,8,14.3,ok
TIC 332166162,179.3144,-48.7436,7.56,0,,,,,3,5.6,ok
TIC 350622733,87.5408,-55.6145,7.56,0,,,,,12,16.9,ok
TIC 147416725,163.1387,-46.2172,7.56,0,,,,,4,7.2,ok
TIC 260269822,94.2694,-55.4147,7.56,0,,,,,11,17.5,ok
TIC 23434107,168.1516,-35.4028,7.56,0,,,,,3,5.6,ok
TIC 231725008,81.0407,-53.4289,7.56,0,,,,,6,10.2,ok
TIC 278291931,113.1052,-78.0858,7.56,0,,,,,26,17.3,ok
TIC 31746672,49.4342,-68.1597,7.56,0,,,,,15,16.9,ok
TIC 390555424,190.2143,-27.7132,7.56,0,,,,,1,2.2,ok
TIC 140578304,67.9836,-75.6816,7.56,0,,,,,43,17.7,ok
TIC 118169718,128.2731,-56.3966,7.56,0,,,,,?,1.5,erreur
TIC 270677372,87.8698,-53.6559,7.56,0,,,,,22,17.4,ok
TIC 360926639,143.1009,-65.4946,7.57,0,,,,,3,5.5,ok
TIC 390440616,160.6598,-64.6779,7.57,0,,,,,7,12.9,ok
TIC 293271232,98.6953,-63.2622,7.57,0,,,,,30,16.7,ok
TIC 142171923,180.1008,-30.3366,7.57,0,,,,,4,7.1,ok
TIC 152025971,169.3945,-38.3807,7.57,0,,,,,4,7.4,ok
TIC 401366903,192.0262,-35.7027,7.57,0,,,,,2,3.9,ok
TIC 390759555,160.8726,-64.0684,7.57,0,,,,,7,12.8,ok
TIC 97973318,199.7428,-25.5957,7.57,0,,,,,3,5.7,ok
TIC 356304473,133.89,-61.2051,7.57,0,,,,,2,3.9,ok
TIC 260043481,91.5123,-59.5472,7.57,0,,,,,43,17.1,ok
TIC 370236914,105.2382,-72.5605,7.58,0,,,,,44,17.4,ok
TIC 55293744,76.6602,-63.1487,7.58,0,,,,,31,17.6,ok
TIC 142391542,181.8449,-32.6619,7.58,0,,,,,3,5.9,ok
TIC 294780563,71.2831,-68.0208,7.58,0,,,,,41,17.4,ok
TIC 302529168,134.3432,-69.6416,7.58,0,,,,,11,17.8,ok
TIC 295510949,171.2037,-67.1299,7.58,0,,,,,2,4.5,ok
TIC 38422739,60.2082,-64.4219,7.58,0,,,,,10,17.5,ok
TIC 466713431,166.6721,-61.8554,7.58,0,,,,,2,4.0,ok
TIC 260160453,92.7082,-59.8,7.58,0,,103.2,rejete,variabilite_continue;eclipse_secondaire,39,21.6,ok
TIC 73530356,191.4618,-45.8456,7.58,0,,,,,2,4.0,ok
TIC 57260250,171.1291,-34.2863,7.58,0,,,,,1,2.4,ok
TIC 22393981,178.7007,-23.5502,7.58,0,,,,,3,5.6,ok
TIC 57830421,174.8206,-30.3492,7.58,0,,,,,3,5.6,ok
TIC 375222834,133.9557,-76.249,7.58,0,,,,,7,13.3,ok
TIC 443620362,186.0895,-25.2114,7.58,0,,,,,2,3.9,ok
TIC 33861444,64.753,-75.718,7.58,0,,,,,42,17.7,ok
TIC 131042293,189.3127,-35.1017,7.58,0,,,,,2,4.0,ok
TIC 450555880,168.9456,-58.8873,7.59,0,,,,,3,5.9,ok
TIC 341040976,118.0555,-59.6136,7.59,0,,,,,5,8.7,ok
TIC 349973705,114.5654,-63.574,7.59,0,,,,,34,17.1,ok
TIC 144289338,189.3172,-40.8121,7.59,0,,,,,4,7.3,ok
TIC 452734608,195.4727,-19.7749,7.59,0,,,,,3,5.8,ok
TIC 453237519,146.4992,-74.1157,7.59,0,,,,,2,4.6,ok
TIC 458295464,159.6153,-57.4396,7.59,0,,,,,1,2.5,ok
TIC 357633579,137.9748,-60.3025,7.59,0,,,,,5,9.0,ok
TIC 98628241,185.3921,-9.4,7.59,0,,,,,4,7.0,ok
TIC 38583375,63.5916,-64.9681,7.59,0,,,,,36,17.3,ok
TIC 219767118,192.5454,-20.366,7.59,0,,,,,3,5.6,ok
TIC 220628281,155.5236,-49.5312,7.59,0,,,,,4,7.1,ok
TIC 349086842,185.2239,-15.8158,7.59,0,,,,,3,5.6,ok
TIC 31104764,76.4957,-68.4164,7.59,0,,,,,41,17.2,ok
TIC 462686632,151.7207,-53.9134,7.6,0,,,,,5,8.8,ok
TIC 460182601,156.795,-65.0385,7.6,0,,,,,3,6.2,ok
TIC 219418800,79.6171,-51.4278,7.6,0,,,,,10,18.0,ok
TIC 286865755,190.1793,-19.7279,7.6,0,,,,,2,4.2,ok
TIC 335010095,201.2653,-15.6324,7.6,0,,,,,1,2.8,ok
TIC 271576444,105.8807,-77.9431,7.61,0,,,,,32,17.4,ok
TIC 450975851,170.2155,-58.4865,7.61,0,,,,,3,6.1,ok
TIC 288104349,136.6307,-74.7539,7.61,0,,,,,12,19.1,ok
TIC 447283834,157.0763,-52.5614,7.61,0,,,,,6,10.7,ok
TIC 362250462,145.6425,-62.7488,7.62,0,,,,,4,7.4,ok
TIC 450112041,168.5743,-55.1575,7.62,0,,,,,1,2.4,ok
TIC 438079607,142.0587,-53.9209,7.62,0,,,,,7,12.4,ok
TIC 279157426,103.0539,-56.509,7.62,0,,,,,40,16.5,ok
TIC 358374798,147.9012,-55.384,7.62,0,,51.5,rejete,variabilite_continue;eclipse_secondaire,3,8.0,ok
TIC 302040462,132.0126,-71.3158,7.62,0,,,,,4,7.5,ok
TIC 204695468,185.41,-27.2731,7.62,0,,,,,3,5.5,ok
TIC 203357243,198.5062,-22.3626,7.62,0,,,,,1,2.4,ok
TIC 146489087,158.9605,-47.0988,7.62,0,,,,,5,8.8,ok
TIC 332638752,180.2034,-48.4036,7.62,0,,,,,2,3.9,ok
TIC 38582417,180.5107,-20.8086,7.62,0,,,,,2,3.8,ok
TIC 413376528,176.7033,-21.4749,7.62,0,,,,,3,5.9,ok
TIC 219912046,154.5498,-50.8236,7.62,0,,74.9,rejete,eclipse_secondaire;compagnon_trop_gros_2.8Rjup,4,10.6,ok
TIC 55451918,70.5879,-63.2154,7.63,0,,,,,?,0.5,erreur
TIC 453219757,145.9393,-76.7672,7.63,0,,,,,3,5.9,ok
TIC 177174590,105.1882,-71.396,7.63,0,,,,,41,17.4,ok
TIC 467163355,167.7551,-65.4282,7.63,0,,,,,4,7.9,ok
TIC 390197636,160.3973,-61.4981,7.63,0,,,,,2,4.3,ok
TIC 141626634,89.725,-75.1586,7.63,0,,,,,32,17.5,ok
TIC 349059448,107.544,-64.459,7.63,0,,,,,12,17.3,ok
TIC 465107704,162.6915,-64.4794,7.63,0,,,,,8,14.1,ok
TIC 135097390,185.2895,-38.3028,7.63,0,,,,,4,7.2,ok
TIC 286909791,190.3776,-20.6168,7.63,0,,,,,2,3.7,ok
TIC 413482381,177.6575,-23.483,7.63,0,,,,,3,5.7,ok
TIC 101950374,153.5007,-46.732,7.63,0,,,,,2,3.9,ok
TIC 130845934,187.7841,-31.6357,7.63,0,,,,,2,4.1,ok
TIC 306637962,119.8407,-66.1616,7.64,0,,,,,16,17.2,ok
TIC 316374470,171.7078,-62.8199,7.64,0,,,,,2,4.1,ok
TIC 307091504,123.7101,-69.6226,7.64,0,,,,,30,17.5,ok
TIC 347752831,198.54,-16.5595,7.64,0,,,,,5,9.2,ok
TIC 130928342,188.2645,-31.645,7.64,0,,,,,1,2.3,ok
TIC 270627594,87.2348,-53.462,7.64,0,,,,,26,17.2,ok
TIC 317045967,172.1906,-63.5752,7.64,0,,,,,2,4.0,ok
TIC 391643922,161.9119,-60.6178,7.64,0,,,,,5,9.1,ok
TIC 58598997,202.3774,-27.3891,7.65,0,,,,,1,2.3,ok
TIC 80530183,165.5504,-48.7984,7.65,0,,,,,1,2.2,ok
TIC 372913684,119.5121,-60.6147,7.65,0,,,,,22,16.9,ok
TIC 89617003,127.3967,-55.4168,7.65,0,,,,,8,14.2,ok
TIC 389257862,182.5697,-35.0567,7.66,0,,,,,2,3.9,ok
TIC 451248828,170.9612,-56.6955,7.66,0,,,,,3,5.8,ok
TIC 272806460,188.0678,-56.4679,7.66,0,,,,,4,7.4,ok
TIC 307634049,127.1543,-68.6168,7.66,0,,,,,5,9.1,ok
TIC 344500353,156.0606,-68.1295,7.66,0,,,,,4,7.5,ok
TIC 453079732,113.6405,-70.3818,7.66,0,,,,,41,17.7,ok
TIC 152511023,172.0352,-37.0857,7.66,0,,,,,1,2.2,ok
TIC 179213914,79.5137,-68.4657,7.66,0,,,,,12,17.3,ok
TIC 152061198,169.481,-37.1964,7.66,0,,,,,2,3.8,ok
TIC 443628713,146.9691,-55.956,7.66,0,,,,,2,4.0,ok
TIC 178614509,165.5486,-42.4979,7.66,0,,,,,4,6.9,ok
TIC 150320178,95.7155,-64.5427,7.67,0,,,,,33,17.2,ok
TIC 152113400,169.8138,-40.2828,7.67,0,,,,,4,7.1,ok
TIC 141865875,93.8021,-77.0522,7.67,0,,37.5,rejete,variabilite_continue;eclipse_secondaire,45,22.5,ok
TIC 381925156,76.3284,-56.7816,7.67,0,,,,,31,17.4,ok
TIC 400331358,166.0879,-69.9289,7.67,0,,,,,4,7.5,ok
TIC 448807213,182.4487,-33.4875,7.67,0,,,,,6,10.8,ok
TIC 259751521,153.462,-48.0159,7.67,0,,,,,3,5.5,ok
TIC 389936573,182.592,-55.1286,7.67,0,,,,,3,5.6,ok
TIC 359271092,140.3976,-60.281,7.67,0,,,,,7,12.5,ok
TIC 442128905,146.0241,-59.8711,7.67,0,,,,,1,2.3,ok
TIC 32053388,57.6531,-66.3442,7.67,0,,,,,24,17.2,ok
TIC 467245179,167.9128,-60.4434,7.67,0,,,,,1,2.2,ok
TIC 142083629,98.2583,-73.7513,7.67,0,,,,,11,17.0,ok
TIC 1668722,188.4105,-17.7938,7.67,0,,,,,4,7.2,ok
TIC 178341068,164.1673,-42.0399,7.67,0,,,,,3,5.6,ok
TIC 398009169,160.2585,-66.0958,7.68,0,,,,,6,10.8,ok
TIC 103830557,194.5796,-32.8243,7.68,0,,,,,2,4.0,ok
TIC 38698083,66.3649,-65.8128,7.68,0,,,,,42,17.4,ok
TIC 103554632,157.5129,-43.1297,7.68,0,,,,,2,3.8,ok
TIC 415843962,197.5886,-23.6247,7.68,0,,,,,1,2.2,ok
TIC 140894354,76.4888,-73.5932,7.68,0,,,,,41,16.9,ok
TIC 38602419,64.3215,-63.0967,7.68,0,,,,,42,17.2,ok
TIC 297025847,187.0154,-15.6529,7.68,0,,,,,3,7.0,ok
TIC 460376775,157.4007,-62.1094,7.68,0,,,,,2,3.8,ok
TIC 103103391,156.3725,-45.1829,7.69,0,,,,,4,7.3,ok
TIC 301219220,178.2688,-58.2535,7.69,0,,,,,3,5.5,ok
TIC 98750454,187.1525,-11.0223,7.69,0,,,,,2,4.0,ok
TIC 38587180,64.1642,-64.3154,7.69,0,,41.9,rejete,variabilite_continue;eclipse_secondaire,32,22.0,ok
TIC 278730120,99.6107,-58.3378,7.69,0,,,,,43,17.8,ok
TIC 364323133,87.8791,-63.5312,7.69,0,,,,,26,16.6,ok
TIC 310129830,127.3511,-63.2765,7.69,0,,,,,4,7.0,ok
TIC 141268467,82.514,-76.2487,7.69,0,,,,,40,17.3,ok
TIC 41364284,92.8391,-69.7599,7.69,0,,,,,28,16.5,ok
TIC 131194830,190.9927,-35.1238,7.7,0,,,,,2,4.2,ok
TIC 334124480,182.8128,-52.2178,7.7,0,,,,,2,3.9,ok
TIC 61599423,176.5767,-46.244,7.7,0,,,,,4,7.2,ok
TIC 5911482,188.1051,-22.1711,7.7,0,,,,,2,3.9,ok
TIC 281576629,114.1383,-58.3771,7.7,0,,,,,13,16.6,ok
TIC 293347978,98.9783,-64.8808,7.7,0,,,,,39,16.8,ok
TIC 135432495,187.451,-41.4024,7.7,0,,,,,1,2.2,ok
TIC 229602478,197.6259,-25.8887,7.7,0,,,,,1,2.2,ok
TIC 141913994,94.5588,-72.132,7.7,0,,,,,9,15.6,ok
TIC 262578140,116.3648,-64.1942,7.7,0,,,,,21,16.9,ok
TIC 57609213,173.4416,-30.6539,7.7,0,,,,,2,3.9,ok
TIC 167167306,96.8459,-68.274,7.7,0,,,,,11,16.9,ok
TIC 432195450,187.9706,-12.6796,7.7,0,,,,,3,5.6,ok
TIC 467059272,167.5096,-60.0951,7.7,0,,,,,6,10.8,ok
TIC 229755945,198.2455,-29.1,7.7,0,,,,,1,2.2,ok
TIC 272406021,187.7125,-55.3413,7.7,0,,,,,8,13.8,ok
TIC 437294620,191.1199,-18.5012,7.7,0,,,,,2,3.9,ok
TIC 398923450,162.7238,-68.3622,7.71,0,,,,,6,10.8,ok
TIC 454109915,176.9988,-40.2917,7.71,0,,,,,5,9.4,ok
TIC 391887389,82.6906,-70.9188,7.71,0,,,,,28,17.3,ok
TIC 452479048,139.8502,-77.6431,7.71,0,,,,,9,15.6,ok
TIC 464296873,155.987,-57.4645,7.71,0,,28.8,rejete,variabilite_continue;eclipse_secondaire,8,19.0,ok
TIC 82378373,169.2697,-52.6572,7.71,0,,,,,5,9.3,ok
TIC 176939067,183.6571,-8.9901,7.71,0,,,,,3,5.6,ok
TIC 375064476,100.3168,-64.3597,7.71,0,,,,,31,17.4,ok
TIC 355155251,130.2644,-64.3348,7.71,0,,,,,3,5.6,ok
TIC 347715497,182.8102,-12.0973,7.71,0,,,,,3,5.8,ok
TIC 428657118,179.5478,-23.9241,7.71,0,,,,,4,7.3,ok
TIC 320560289,174.872,-61.1626,7.71,0,,,,,5,9.1,ok
TIC 374912345,89.0304,-61.447,7.71,0,,,,,42,17.4,ok
TIC 370558587,143.977,-67.2805,7.72,0,,,,,4,7.3,ok
TIC 9281587,190.9532,-28.7025,7.72,0,,,,,3,5.8,ok
TIC 32033224,56.0774,-66.6963,7.72,0,,,,,27,17.5,ok
TIC 22393485,178.6316,-21.8986,7.72,0,,,,,2,3.9,ok
TIC 446137194,147.5106,-49.7906,7.72,0,,,,,7,12.5,ok
TIC 93326464,175.1605,-49.5093,7.72,0,,,,,7,12.6,ok
TIC 94637805,177.7874,-51.8761,7.72,0,,,,,3,5.4,ok
TIC 399841395,165.0737,-66.5569,7.72,0,,,,,4,7.7,ok
TIC 38699545,66.3034,-61.6216,7.72,0,,,,,43,17.4,ok
TIC 332160393,179.2584,-51.6017,7.72,0,,,,,1,2.4,ok
TIC 422352480,182.0892,-18.582,7.72,0,,,,,3,5.6,ok
TIC 9524312,193.0307,-26.4623,7.72,0,,,,,1,2.5,ok
TIC 467773371,169.4919,-64.0426,7.72,0,,,,,7,12.8,ok
TIC 281924095,129.4607,-75.0673,7.72,0,,,,,6,10.9,ok
TIC 315836258,171.2739,-60.7346,7.73,0,,,,,3,5.6,ok
TIC 452578516,142.73,-74.7698,7.73,0,,,,,9,15.9,ok
TIC 220475913,75.3186,-54.0084,7.73,0,,,,,11,17.8,ok
TIC 287533413,124.6852,-75.0147,7.73,0,,,,,11,17.3,ok
TIC 454041982,175.8024,-39.4385,7.73,0,,,,,5,8.9,ok
TIC 158197199,162.5079,-40.9553,7.73,0,,,,,3,5.7,ok
TIC 428714646,196.4419,-18.8259,7.73,0,,,,,5,8.9,ok
TIC 274785582,149.265,-56.0469,7.73,0,,,,,2,4.0,ok
TIC 295032503,169.9692,-70.6184,7.73,0,,,,,6,10.9,ok
TIC 465107391,162.5014,-64.5414,7.73,0,,,,,3,5.8,ok
TIC 349001842,184.5921,-15.5943,7.73,0,,,,,1,2.2,ok
TIC 422446853,199.3493,-21.5378,7.74,0,,,,,1,2.5,ok
TIC 144492645,190.7117,-39.5024,7.74,0,,,,,3,5.9,ok
TIC 415869759,197.5392,-23.4151,7.74,0,,,,,1,2.4,ok
TIC 308850625,122.6918,-62.8956,7.74,0,,,,,12,17.2,ok
TIC 451280762,170.9706,-59.3048,7.74,0,,,,,6,10.8,ok
TIC 284196481,105.7926,-70.5417,7.74,0,,,,,22,18.6,ok
TIC 220408612,70.4773,-58.0208,7.74,0,,,,,34,17.7,ok
TIC 464152511,155.5767,-55.052,7.74,0,,13.1,rejete,variabilite_continue;eclipse_secondaire,8,18.6,ok
TIC 152061657,169.4911,-36.5974,7.74,0,,,,,4,8.2,ok
TIC 350559515,86.5961,-55.9368,7.74,0,,,,,19,18.1,ok
TIC 439138655,143.0548,-56.0049,7.74,0,,,,,6,10.8,ok
TIC 462296459,150.7702,-58.6115,7.74,0,,,,,4,7.3,ok
TIC 267285863,175.894,-55.1955,7.74,0,,,,,2,4.2,ok
TIC 461199655,181.5013,-39.2203,7.74,0,,,,,5,9.4,ok
TIC 364268504,114.3931,-57.2166,7.75,0,,,,,7,12.5,ok
TIC 2492183,194.3973,-12.813,7.75,0,,,,,3,5.8,ok
TIC 296556738,141.456,-53.6401,7.75,0,,,,,2,3.9,ok
TIC 219411795,79.1232,-51.4761,7.75,0,,,,,6,11.1,ok
TIC 157266200,176.5925,-34.7538,7.75,0,,,,,1,2.4,ok
TIC 150062447,91.314,-62.2935,7.75,0,,,,,36,18.0,ok
TIC 144493077,190.5823,-39.9367,7.75,0,,,,,3,6.3,ok
TIC 82106243,168.7057,-49.1662,7.75,0,,,,,1,2.5,ok
TIC 45188999,130.1992,-56.1673,7.75,0,,,,,5,10.0,ok
TIC 309614870,78.6027,-63.5409,7.75,0,,,,,39,18.8,ok
TIC 397528205,158.8758,-69.8173,7.75,0,,,,,3,6.0,ok
TIC 22557251,184.6509,-44.1454,7.75,0,,,,,3,5.9,ok
TIC 93949866,176.4363,-52.6906,7.75,0,,,,,5,9.4,ok
TIC 124306858,197.6651,-35.0565,7.76,0,,,,,2,4.5,ok
TIC 32091606,58.7223,-66.4488,7.76,0,,,,,35,17.6,ok
TIC 271693199,109.7681,-76.4161,7.76,0,,,,,40,17.2,ok
TIC 248171008,194.2083,-41.914,7.76,0,,,,,2,4.6,ok
TIC 142105308,98.5196,-72.2699,7.76,0,,,,,33,18.1,ok
TIC 376743314,180.9104,-57.5919,7.76,0,,,,,6,11.4,ok
TIC 167889402,105.1154,-65.9081,7.76,0,,,,,42,18.0,ok
TIC 204650599,184.8643,-26.1079,7.76,0,,,,,3,5.7,ok
TIC 298450613,142.8961,-51.2519,7.76,0,,,,,8,14.5,ok
TIC 152317527,170.9438,-38.4906,7.76,0,,,,,4,13.7,ok
TIC 305370892,178.6363,-63.7006,7.77,0,,,,,2,5.3,ok
TIC 390322552,183.8865,-59.1834,7.77,0,,,,,5,9.2,ok
TIC 385348719,196.0116,-17.6258,7.77,0,,,,,1,2.8,ok
TIC 97972879,199.8392,-24.6193,7.77,0,,,,,2,4.2,ok
TIC 124234835,197.2513,-34.3481,7.77,0,,,,,2,5.2,ok
TIC 380198226,187.9016,-11.0723,7.77,0,,,,,1,2.7,ok
TIC 391345891,161.5411,-64.5955,7.77,0,,,,,7,13.5,ok
TIC 178711988,166.1798,-46.0992,7.77,0,,13.1,rejete,variabilite_continue;eclipse_secondaire,4,10.9,ok
TIC 457425111,157.2968,-57.6134,7.77,0,,,,,3,6.0,ok
TIC 389257778,182.586,-35.2354,7.77,0,,,,,2,4.1,ok
TIC 142040321,178.5214,-29.9827,7.77,0,,,,,6,11.5,ok
TIC 71736933,166.4675,-41.907,7.77,0,,,,,2,3.9,ok
TIC 429301837,188.2951,-11.1345,7.77,0,,,,,2,4.0,ok
TIC 160828197,189.7164,-52.7507,7.77,0,,,,,3,6.6,ok
TIC 294748147,70.6018,-71.4959,7.77,0,,,,,41,17.4,ok
TIC 460372891,157.4949,-62.7124,7.77,0,,,,,5,9.1,ok
TIC 402447670,168.7056,-70.3605,7.77,0,,,,,4,7.7,ok
TIC 5914520,193.3144,-18.5265,7.78,0,,,,,3,5.7,ok
TIC 355540615,131.8069,-64.9436,7.78,0,,,,,10,17.2,ok
TIC 261417533,95.2493,-78.4123,7.78,0,,,,,41,18.7,ok
TIC 349064565,185.0414,-14.126,7.78,0,,,,,2,4.0,ok
TIC 134419705,150.146,-51.0915,7.78,0,,,,,3,5.7,ok
TIC 72404620,187.2513,-43.2342,7.78,0,,,,,3,5.8,ok
TIC 384169931,135.8461,-57.7663,7.78,0,,,,,6,10.4,ok
TIC 146488346,158.9764,-47.4823,7.78,0,,,,,2,18.9,ok
TIC 38760904,67.089,-65.7112,7.78,0,,,,,34,17.1,ok
TIC 350182638,115.7984,-61.9012,7.78,0,,,,,39,53.7,ok
TIC 260304277,94.6196,-56.9999,7.78,0,,31.4,rejete,variabilite_continue;eclipse_secondaire,19,31.1,ok
TIC 22562087,184.819,-47.8301,7.78,0,,,,,6,11.8,ok
TIC 398271125,181.5379,-23.603,7.78,0,,,,,4,7.5,ok
TIC 160529369,189.704,-51.2156,7.78,0,,,,,4,7.2,ok
TIC 167748771,103.5499,-62.4634,7.79,0,,,,,41,16.9,ok
TIC 273221537,185.652,-49.3262,7.79,0,,,,,4,7.4,ok
TIC 260507598,96.6816,-59.0252,7.79,0,,,,,41,18.0,ok
TIC 144491271,190.6336,-37.9028,7.79,0,,,,,2,3.7,ok
TIC 447283835,157.0737,-52.5609,7.79,0,,,,,4,7.7,ok
TIC 139370701,67.2684,-69.6122,7.79,0,,,,,34,17.5,ok
TIC 170459990,184.4876,-35.8322,7.79,0,,,,,3,6.0,ok
TIC 341112260,118.6561,-58.7321,7.79,0,,,,,14,16.8,ok
TIC 6080398,200.2731,-21.8059,7.79,0,,,,,2,3.9,ok
TIC 141609430,88.7252,-75.4583,7.79,0,,,,,40,17.2,ok
TIC 436804404,140.5801,-54.4645,7.79,0,,,,,4,7.9,ok
TIC 350715999,88.3989,-56.6708,7.8,0,,,,,34,18.1,ok
TIC 347695051,182.4919,-13.4354,7.8,0,,,,,3,6.0,ok
TIC 167797285,104.5429,-60.2961,7.8,0,,,,,41,17.4,ok
TIC 304142124,164.8555,-56.6237,7.8,0,,,,,6,10.8,ok
TIC 23501564,168.8947,-35.5127,7.8,0,,,,,4,7.4,ok
TIC 357615546,204.2635,-21.854,7.8,0,,,,,2,3.8,ok
TIC 122093026,132.9666,-57.2936,7.8,0,,,,,10,18.1,ok
TIC 270230264,175.2565,-26.2392,7.8,0,,,,,2,3.9,ok
TIC 55649929,73.7934,-63.9589,7.8,0,,,,,40,17.5,ok
TIC 124573340,199.5317,-34.6643,7.8,0,,,,,1,2.4,ok
TIC 350765457,88.9797,-59.199,7.8,0,,54.0,rejete,variabilite_continue;eclipse_secondaire,8,17.7,ok
TIC 437297176,191.4727,-22.6304,7.8,1,2.2113,33.5,rejete,eclipse_secondaire;compagnon_trop_gros_6.2Rjup,2,5.7,ok
TIC 91474697,170.9625,-52.8421,7.8,0,,,,,3,5.7,ok
TIC 370010237,46.8569,-68.4524,7.8,0,,,,,8,13.8,ok
TIC 452554783,142.1094,-72.4223,7.8,0,,,,,3,6.0,ok
TIC 141545616,88.3911,-75.3439,7.8,0,,,,,40,18.5,ok
TIC 57654763,173.8618,-32.5446,7.8,0,,,,,4,8.1,ok
TIC 405630003,191.377,-15.5083,7.8,0,,,,,3,5.9,ok
TIC 460471717,157.857,-62.9733,7.8,0,,,,,2,4.9,ok
TIC 228760934,194.1293,-26.5864,7.81,0,,,,,3,6.9,ok
TIC 124307241,197.6838,-35.6412,7.81,0,,,,,2,4.3,ok
TIC 380135953,180.7541,-43.3362,7.81,0,,,,,4,7.5,ok
TIC 465538516,163.6134,-60.5759,7.81,0,,,,,2,4.0,ok
TIC 453734715,158.134,-72.4285,7.81,0,,,,,5,17.6,ok
TIC 355553423,137.675,-53.0458,7.81,0,,,,,5,9.8,ok
TIC 452474499,139.7647,-73.3216,7.81,0,,,,,3,5.8,ok
TIC 58493240,201.7601,-24.2908,7.81,0,,,,,3,5.7,ok
TIC 99180309,183.9998,-26.5647,7.81,0,,,,,3,6.1,ok
TIC 144573137,191.0591,-37.2373,7.81,0,,,,,3,6.5,ok
TIC 422372472,182.3835,-21.0532,7.81,0,,,,,1,2.7,ok
TIC 178889932,195.1846,-39.2953,7.81,0,,,,,2,4.6,ok
TIC 378690793,180.5687,-63.4707,7.82,0,,,,,2,4.4,ok
TIC 397149150,131.0038,-74.3023,7.82,0,,,,,3,6.1,ok
TIC 410654298,177.0055,-66.114,7.82,0,,,,,8,15.2,ok
TIC 103917233,195.159,-34.1724,7.82,0,,,,,3,6.4,ok
TIC 9480624,192.5837,-24.2183,7.82,0,,,,,1,2.6,ok
TIC 163190785,172.8528,-44.6279,7.82,0,,,,,1,2.5,ok
TIC 158674412,165.0926,-40.2527,7.82,0,,,,,3,6.3,ok
TIC 442653458,146.4436,-57.0011,7.82,0,,,,,4,7.8,ok
TIC 293084955,178.1958,-24.4722,7.82,0,,,,,3,6.0,ok
TIC 306512813,119.0664,-69.6452,7.82,0,,,,,44,17.9,ok
TIC 30527366,74.967,-68.5819,7.82,0,,,,,11,18.5,ok
TIC 273452369,186.2481,-50.1919,7.82,0,,,,,3,5.5,ok
TIC 101690712,200.3792,-24.9298,7.82,0,,,,,1,2.8,ok
TIC 391927456,107.6249,-72.3426,7.82,0,,,,,31,18.2,ok
TIC 124338495,197.9377,-35.619,7.82,0,,,,,2,4.2,ok
TIC 364592454,86.1922,-72.663,7.82,0,,,,,30,18.4,ok
TIC 438579150,142.507,-57.5086,7.83,0,,,,,2,3.9,ok
TIC 401365937,191.9788,-34.0609,7.83,0,,,,,1,2.5,ok
TIC 167009292,94.8428,-66.061,7.83,0,,,,,34,17.5,ok
TIC 464891683,159.8757,-62.2743,7.83,0,,,,,2,4.4,ok
TIC 268660469,177.1216,-55.9668,7.83,0,,,,,4,7.8,ok
TIC 444676711,147.5611,-58.0458,7.83,0,,,,,6,10.8,ok
TIC 437371531,141.1644,-58.689,7.83,0,,,,,4,7.5,ok
TIC 447283466,157.0984,-51.7054,7.83,0,,,,,6,10.9,ok
TIC 158545518,164.3729,-37.8424,7.83,0,,,,,4,7.7,ok
TIC 269348104,147.9802,-60.4351,7.84,0,,,,,1,2.4,ok
TIC 9560406,193.1699,-28.7095,7.84,0,,,,,1,2.4,ok
TIC 305896243,178.8401,-63.7036,7.84,0,,,,,7,12.5,ok
TIC 167524563,100.5307,-64.5238,7.84,0,,,,,38,17.8,ok
TIC 389570196,86.5233,-67.7097,7.84,0,,,,,24,17.7,ok
TIC 161162039,189.9422,-49.1988,7.84,0,,,,,7,14.1,ok
TIC 158505479,164.1841,-40.5737,7.84,0,,,,,3,6.3,ok
TIC 83136506,188.5556,-21.7242,7.84,0,,,,,3,5.9,ok
TIC 91633988,171.4191,-53.5717,7.84,0,,,,,2,3.9,ok
TIC 30728476,75.3948,-69.4963,7.84,0,,,,,12,17.9,ok
TIC 341487695,120.1949,-59.6584,7.84,0,,,,,5,8.8,ok
TIC 332260693,179.5781,-51.5158,7.84,0,,,,,3,5.6,ok
TIC 165457537,180.2004,-37.479,7.84,0,,,,,2,3.9,ok
TIC 411616567,185.4845,-57.0488,7.84,0,,,,,4,7.6,ok
TIC 441067404,145.0318,-55.7111,7.84,0,,,,,2,4.0,ok
TIC 167796443,104.36,-60.8513,7.84,0,,,,,44,17.6,ok
TIC 390071999,183.5072,-59.3969,7.84,0,,,,,4,7.5,ok
TIC 149972207,89.9754,-62.8088,7.85,0,,,,,31,16.8,ok
TIC 167602961,102.0391,-60.8333,7.85,0,,,,,21,16.9,ok
TIC 55663264,74.3712,-61.2874,7.85,0,,,,,39,17.1,ok
TIC 41032824,90.3312,-70.0125,7.85,0,,28.7,rejete,variabilite_continue;eclipse_secondaire,13,22.3,ok
TIC 315717614,171.3041,-61.3691,7.85,1,3.212,11.3,rejete,variabilite_continue;eclipse_secondaire;compagnon_trop_gros_18.5Rjup,4,9.8,ok
TIC 349155285,108.2765,-63.3419,7.85,0,,,,,35,17.5,ok
TIC 266173473,174.9129,-54.9974,7.85,0,,,,,1,2.3,ok
TIC 374162339,160.1688,-43.7574,7.85,0,,,,,2,4.7,ok
TIC 287718001,125.9081,-74.166,7.86,0,,,,,15,17.5,ok
TIC 301226897,178.2829,-56.7273,7.86,0,,,,,7,12.2,ok
TIC 363236260,146.0298,-53.7453,7.86,0,,,,,6,10.8,ok
TIC 450519381,168.9702,-56.0124,7.86,0,,,,,1,2.3,ok
TIC 149160778,81.6877,-64.6053,7.86,0,,,,,16,17.8,ok
TIC 300871376,117.696,-70.7781,7.86,0,,,,,33,17.3,ok
TIC 454010595,175.1711,-38.576,7.86,0,,,,,?,1.5,erreur
TIC 9470177,192.5302,-25.8419,7.86,0,,,,,1,2.9,ok
TIC 348962987,106.637,-59.9969,7.86,0,,,,,12,17.2,ok
TIC 31383649,88.7143,-70.508,7.86,0,,,,,28,17.5,ok
TIC 372736649,152.2888,-70.3663,7.86,0,,,,,2,3.9,ok
TIC 151916374,168.3828,-41.6573,7.86,0,,,,,3,5.5,ok
TIC 287530364,124.2178,-76.4263,7.86,0,,,,,11,17.4,ok
TIC 23380842,167.9542,-34.8183,7.86,0,,,,,3,5.6,ok
TIC 349680479,112.4506,-60.1093,7.87,0,,,,,11,17.1,ok
TIC 260303793,94.5259,-56.4439,7.87,0,,,,,33,17.3,ok
TIC 375895280,178.9311,-54.1808,7.87,0,,,,,7,12.3,ok
TIC 384476577,136.5933,-59.2064,7.87,0,,,,,2,4.5,ok
TIC 411425345,183.469,-55.2073,7.87,0,,,,,4,7.3,ok
TIC 72927730,189.0603,-46.8302,7.87,0,,,,,1,2.2,ok
TIC 180258315,180.037,-16.5858,7.87,0,,,,,2,3.9,ok
TIC 378419727,155.2081,-63.4477,7.87,0,,,,,3,5.8,ok
TIC 229889130,198.8345,-24.0005,7.87,0,,,,,2,3.9,ok
TIC 391345783,161.6677,-64.6158,7.87,0,,,,,6,10.8,ok
TIC 138390103,151.4413,-52.4061,7.87,0,,,,,4,7.3,ok
TIC 145016539,193.603,-39.4771,7.87,0,,,,,2,3.8,ok
TIC 398762580,180.208,-58.0709,7.87,0,,,,,1,2.4,ok
TIC 260604507,97.3712,-59.7674,7.87,0,,,,,10,16.9,ok
TIC 452579325,142.7493,-74.153,7.87,0,,,,,5,8.8,ok
TIC 355458855,131.4068,-63.8966,7.88,0,,,,,3,5.7,ok
TIC 150360766,96.3534,-62.4224,7.88,0,,,,,38,16.9,ok
TIC 149347480,83.6092,-60.104,7.88,0,,,,,42,17.2,ok
TIC 453933881,153.9096,-70.2632,7.88,0,,,,,4,7.2,ok
TIC 21165290,186.9497,-50.3359,7.88,0,,,,,3,5.8,ok
TIC 287298969,82.3553,-66.439,7.88,0,,,,,37,17.7,ok
TIC 260370233,95.2584,-54.9351,7.88,0,,,,,38,17.9,ok
TIC 178658769,165.728,-42.8221,7.88,0,,,,,2,4.4,ok
TIC 82196759,168.8596,-52.8134,7.88,0,,,,,1,2.7,ok
TIC 58465153,201.6629,-24.2937,7.88,0,,,,,3,5.7,ok
TIC 350522196,86.3127,-55.7249,7.88,0,,,,,41,17.4,ok
TIC 167526213,100.5958,-61.2242,7.88,0,,,,,39,17.5,ok
TIC 9469224,192.4151,-24.411,7.88,0,,,,,1,2.6,ok
TIC 107018422,182.8406,-32.6325,7.88,0,,,,,4,7.6,ok
TIC 32084819,202.6228,-23.6495,7.88,0,,,,,1,2.4,ok
TIC 454078395,176.5287,-38.1482,7.89,0,,,,,4,8.5,ok
TIC 373035884,153.0772,-68.0679,7.89,0,,,,,7,12.6,ok
TIC 306146030,166.4132,-56.8624,7.89,0,,,,,2,4.1,ok
TIC 464566503,156.5896,-57.3174,7.89,0,,,,,2,4.0,ok
TIC 276861788,83.2879,-65.9422,7.89,0,,,,,34,16.8,ok
TIC 150390619,96.513,-64.3304,7.89,0,,,,,35,18.4,ok
TIC 220421191,71.9532,-58.3611,7.89,0,,,,,32,16.6,ok
TIC 158293259,162.9762,-41.1163,7.89,0,,,,,3,5.5,ok
TIC 295882266,171.7448,-69.0468,7.89,0,,,,,7,12.6,ok
TIC 422327572,203.1921,-17.7592,7.89,0,,,,,2,3.8,ok
TIC 422289714,202.7749,-16.3528,7.89,0,,,,,2,3.8,ok
TIC 306501629,166.9548,-58.7106,7.89,0,,,,,2,4.0,ok
TIC 345943668,193.4254,-13.6446,7.9,0,,,,,4,7.4,ok
TIC 32181206,203.594,-19.1094,7.9,0,,,,,4,7.0,ok
TIC 464467921,156.3445,-57.5666,7.9,0,,,,,2,4.0,ok
TIC 315703956,171.4344,-63.1291,7.9,0,,,,,2,4.4,ok
TIC 181860520,190.0001,-17.6844,7.9,0,,,,,1,2.2,ok
TIC 219406747,78.8102,-53.093,7.9,1,4.1692,52.4,rejete,variabilite_continue,6,14.0,ok
TIC 439430953,143.3776,-58.3862,7.9,0,,,,,6,11.0,ok
